patient_id,gender,birthDate,age
14a523d3-f033-4b0e-ac41-20a6ea4c2eba,male,1983-05-26,43
b53e261e-ee97-48a9-bc79-5b38f319cd4a,female,1987-10-01,39
89b35dc5-8426-4a47-a290-41dd7fbd0826,female,1977-08-15,49
972df1e5-4fac-4178-8e51-b44787d5e160,male,1978-11-15,48
c33bf4f2-f9b9-482e-860c-4165f220aa35,female,1989-12-02,37
936b9d3e-3f38-4a8c-a3de-71d3896df92b,female,1979-05-14,47
e1a03c55-318f-4823-964e-0e91b6f41370,female,1999-05-10,27
d97280c5-25b5-4026-8583-f004c7e9de44,female,1916-01-29,110
7978d71c-094b-459e-92be-2b62f4cf5e6c,female,1968-03-02,58
cbaf7927-acab-449a-b3bb-01f02a8d4966,male,1911-04-08,115
b7e5bb89-740d-4a0d-a1ec-94dff9200f00,male,1982-11-06,44
47dab703-4cf3-433d-bfbf-5fe49fc7bb43,female,1992-09-19,34
0aca882f-2c16-4158-9a16-301816aa2481,female,2018-11-27,8
f13cb9a2-b6fa-44ef-975a-36fded7ac86a,male,1946-08-06,80
96dd794a-ea41-4150-b4dc-ec2e54598e8b,female,1928-02-25,98
085351f9-e6ef-4081-9bdd-37e13482cfb6,female,1998-08-09,28
174abd1d-eeb9-49f0-8b5b-10d55c4ac346,male,1966-10-04,60
668605fe-a8dc-4601-ae48-f5bc24bbea74,female,1999-11-14,27
3d1f664c-05fd-4929-9a36-c6cfa0b9bf4a,female,1985-02-20,41
ace2d808-1826-4ae1-b22f-2c019a023794,female,1976-12-19,50
ea95f498-7929-4d50-be55-9bf7baee3a8d,female,1949-04-01,77
1fa7aea4-37ea-418f-bb66-4ace9aee6d02,female,1998-08-08,28
c627dc38-606e-4a49-b8d5-dbaae01f266b,male,1962-10-08,64
c60e0e02-346c-422f-bbc8-66c504c15750,female,1965-08-31,61
3b111432-e467-4061-b704-855dbc6db1d1,female,1967-08-05,59
ebbc78bf-5c05-47d2-b917-6622b19e3169,male,1980-09-03,46
eb98f130-5601-4283-a2ac-4210ecc249d8,male,2012-12-07,14
d612808c-b100-4b9f-a477-02c92192d456,female,1986-01-10,40
a4cbd3c5-7903-4e8d-b487-75616a0d4e98,female,1931-03-30,95
5a5090e7-52d1-4b2d-a119-285a6bad33d3,female,1954-02-09,72
bd2a2458-9cd3-4f66-95dd-4c1a1f1cc4b1,male,1957-11-27,69
97ffe150-0ab5-48d3-b7d8-70d710fa497c,male,2006-10-08,20
c7ec0a9b-0c09-4e95-83bd-dfd3f8d3054a,female,1997-11-23,29
18632c98-026a-4935-b76e-cacb1c60a6d5,male,2003-03-01,23
cfb03df3-d429-4ac7-8c2f-6ea5ec8fe08d,female,1968-08-30,58
f924a392-f5ec-417d-aa7e-6edb4a9102f7,female,1966-07-10,60
5c4c04df-84d3-4b7b-b16a-552ee006ed53,male,1962-08-27,64
2c2f2c1d-51cf-4426-9a7b-583b97556533,male,1978-02-03,48
e38929e3-33e8-44fc-8826-e49cb1a799dd,female,2001-08-01,25
198823b2-c21e-425b-9d79-f16787c2a67a,female,2003-12-27,23
39aee619-bb7f-4c55-a31a-fe30098a5430,female,1928-02-25,98
67e2c1bf-18f9-4645-956e-2053fe6751e9,female,1961-07-03,65
768b8a62-ae3c-4643-a425-a54ed885e5e2,male,1997-01-17,29
2fcbacfe-a566-4581-a7db-e9cbfd726329,female,1916-01-29,110
d9769b45-a2a0-43a5-84b1-79b0ef670c4f,male,1997-05-11,29
f26310aa-4905-46d6-b874-08996150804b,female,1998-07-09,28
b64e9021-abb3-456c-9c32-0eb7f1e51c80,female,1973-09-13,53
e3ba2041-af26-48c3-820e-925dc6d27ec6,male,2010-12-02,16
6ddbf8b1-3d22-4ca8-b23a-5e55efc4c67d,female,1964-01-27,62
7a42a3e6-4dfc-4d76-bec2-4854d1e7caa2,male,1932-12-18,94
03c52543-c00e-4e11-85e5-b1077a4ccffa,male,1981-09-24,45
6617fba5-8998-4827-a9be-274c41b9d29d,female,1943-08-21,83
c2cb28bd-5900-4c26-a283-a17d750435d0,female,1972-05-12,54
e2ee67c9-b429-4819-9ae9-85347105c9f9,female,1998-07-05,28
e6d4b31b-42db-4296-94fb-c5bc69ee61c5,male,2006-11-24,20
6be61ad9-5734-492c-a7dc-7e07ec79424e,female,1986-06-17,40
382b0437-edc4-4546-8ede-fb6a6f97bacc,female,1992-02-23,34
a057c5fb-3226-41f7-a3a4-16c0718e2bf7,male,2008-12-16,18
a7ccb20b-a5c3-4c3a-8c6e-bac85b31dc00,female,1970-07-12,56
ee928bf5-54f7-40e3-abf9-70f93a37b86e,female,1962-07-13,64
0ac348f2-5fff-40b8-a79a-cfe45fe03fa3,female,1974-06-24,52
f0ecb214-2a71-4dd7-a4fb-7a50e771a5d2,female,2006-02-25,20
6bbef514-91fb-4904-b212-e961173bc4ef,female,1937-08-22,89
2aba1af5-5fd3-48a8-90a0-53a6bec601aa,female,1978-09-13,48
5694441f-0ea5-48f5-b5fb-2cd0856a8021,female,1941-05-11,85
a5785f08-2749-4025-a941-e73895d0d046,male,1924-06-30,102
fb51046a-0dc2-4a67-91b6-46e5087d537e,female,1988-07-20,38
2945aea9-f2e5-4c86-aa11-ca79ac86be87,male,1975-10-03,51
e82d952f-d07a-43a1-af5b-dbc3b6899255,male,1945-05-16,81
1a6c3364-9574-4282-9596-12e0b21d7e3e,female,2011-05-08,15
170c4c5e-37ca-4d03-9abe-1dea5164e1da,female,2011-10-30,15
1e089c99-a067-45f7-96b3-b67f7e4d11d2,female,1977-10-14,49
081ad270-6931-4b88-afee-8f1d3f877a3c,female,1997-01-07,29
0c097e39-98a3-4cb9-9da6-82a3e01500f6,female,2001-04-14,25
492d9918-2d12-4cbc-8a00-82ed28e34e44,female,1997-08-03,29
cc879f74-e4dc-4858-bc11-1a850c43b1cb,female,1973-11-22,53
37b1a771-49f4-47bb-9e72-97ddc4f7307a,female,1954-01-31,72
8547234c-250e-4b37-b03b-6c66f20651e0,male,1984-05-27,42
8f3a2869-d799-4b74-9187-626510f6e687,female,1993-08-25,33
9efa37da-5fb5-45da-acba-29e2b2c3d4e1,male,2011-05-14,15
99454bcf-9239-4d47-8fcb-cd5a2f180132,female,2015-02-25,11
9aef3338-394c-4990-99b5-169ea1f021b3,male,2013-10-21,13
6e28cf10-5e99-42b5-a9ae-70bf359a6fcd,male,1963-01-07,63
84b8da48-5781-47b4-90de-71fedfb7905c,female,1937-05-14,89
aa23b900-57c2-41dd-b1ed-c84b4b8c45a3,male,1961-10-02,65
f116f4e9-d60a-4d10-936b-9b56b419a514,female,1987-07-04,39
1b8a7097-696f-433f-b618-661501ca2666,male,1991-11-22,35
894114b2-5fca-4562-9057-f8cef1816bfa,male,1960-03-12,66
cc8a4df2-5b5a-40f0-b9c6-df81f635eba8,male,1911-04-08,115
241559f9-4a38-449f-b3bf-726b8ca71af1,male,1980-05-25,46
2639279c-b8a3-4fbf-abc4-c17e76cc1714,male,1988-08-05,38
87ad7c6b-da49-49bb-b6f0-ca72fb34148b,female,2012-11-19,14
89a038bc-c99c-4077-a9b6-b2e5eeeb9d97,male,1959-08-21,67
15e20922-0f51-47a0-9345-225906c35fbf,male,2012-01-03,14
be0674b3-bdf9-4951-9607-e9dbe0d0b2f0,female,1976-07-21,50
5712e832-a871-426b-85ec-e2a3ac8e27c3,female,1947-10-18,79
712d0848-2e66-44ae-95d1-2dc6f2c188cf,female,1974-12-04,52
72561a72-d2b2-4296-bd98-8c995a8b4287,male,1997-12-27,29
b2c2d1f4-14d2-4980-9a4b-7d4e37d9489a,male,1962-08-22,64
cfd05495-435d-4fb8-b06b-84ac17b664bf,male,1917-08-06,109
5e705f28-2fc3-4f1e-9433-df79ae3ceede,male,2003-10-09,23
bc8ffe7c-c56d-4f69-88d2-5d0639cde68b,male,2013-04-27,13
95ef9def-c2b3-4347-a047-69798db1433c,female,1972-10-19,54
29a29d75-4a3a-40f9-a991-262d01d8f71f,female,1966-08-13,60
a7a8f520-15e6-4531-b6ba-47ed22d873e3,female,1998-09-07,28
abf98fd9-5b7b-4183-ad4b-2a15db82180d,male,1933-01-30,93
d78667c4-94e8-4c31-8f86-fdb7d9f58959,male,1960-07-29,66
63dba703-2c49-49c1-ab3e-f1f48e534dc3,female,1972-05-12,54
4ee9ca6e-abda-45ab-b632-c07864617707,female,1966-08-30,60
45250346-b24c-4f56-9240-733c74f374d4,male,1990-01-08,36
315c64b7-2a12-43e5-8876-b4dfd920ee09,female,1984-05-01,42
6091011f-46b5-4c35-9a1b-53cf2f7960ac,female,1994-06-08,32
e87c359d-ab89-4246-8c33-99180f9179d9,male,1912-10-17,114
d5fab69e-f5be-431b-8a4c-15640b3cb3f6,male,2007-12-05,19
4df245a1-8760-4130-86a2-5b213e58c3c6,male,2012-04-18,14
1f48ab08-874b-456f-bc5d-5380dabe6478,male,2002-11-26,24
508d6dbb-7fbf-4aef-b077-eb3acc937832,female,2017-12-02,9
56aabfb5-87c2-447c-883f-d967e71499d8,male,1973-10-21,53
45d02cd3-5065-4650-928e-f92ca5f1bbf1,male,1992-07-15,34
5cbc121b-cd71-4428-b8b7-31e53eba8184,male,1945-12-10,81
bc8b8725-5217-4091-b4d6-20c5d461011e,female,1927-08-11,99
48f35b12-b07f-4290-a132-288a4a92b748,female,1916-02-21,110
89575fc9-8ce4-41be-b9a4-049f7f72b33d,male,1963-01-07,63
81604218-ec27-4242-8173-406c14e09377,female,1982-08-06,44
d65fd9c2-bf79-471f-a051-6d66456657e3,female,2016-05-18,10
1fedded9-cab0-486e-bacb-1a166bbbefa8,male,1991-02-02,35
7f656955-d09a-49d3-848d-c3263cf4e090,female,1964-03-25,62
eed483f7-c02a-4a74-bbed-1ca1029765f1,female,2019-07-18,7
9f1831a2-8666-4d6f-8e96-7dd0cb31cf81,female,1989-05-22,37
ed72cc1e-9e1a-4af6-bb2e-081c57dbdfd9,female,1964-04-10,62
b426b062-8273-4b93-a907-de3176c0567d,male,2002-04-15,24
5950b660-57ea-41dd-afc1-5fe7bdae6336,female,1982-12-29,44
b7f6b85d-f777-496b-9927-bba2b9f55b0d,female,1950-09-03,76
8c70a223-1c90-4fc6-b402-ebe6d24a754f,female,2010-09-02,16
52bbc246-79c8-4612-b41f-9fc515605731,male,1932-12-18,94
0944d64f-974c-4b76-9640-437b1f292f51,male,1973-09-21,53
030ca6a5-d3c2-44b2-94d0-6506fa6e67fb,female,1914-01-23,112
fb18379d-ae7e-4213-a106-9af23d663f04,female,1999-07-28,27
e0891f6b-6d2c-4568-aeca-8b7a138d4dc3,female,1978-09-01,48
eb48c670-3502-439d-a893-159b888ca7d1,female,1982-02-15,44
50ea773b-688b-4866-8c1b-01335291b800,female,1990-08-11,36
6ab60f32-38e0-4f7a-a846-cefb82b16712,female,2011-06-19,15
6a07bacb-e58d-4dd8-a10e-60f2e1698ef4,female,1927-01-04,99
610885bc-f683-4251-be60-7fcedff6d08b,male,1982-08-11,44
0a89aaed-dc62-4356-96b3-8fa9e8694b68,female,2006-11-15,20
5dee3974-16d0-46ec-9e70-537b8a1e0521,male,1970-02-25,56
bb097cc7-80f2-4ef9-bb49-3a056cf54aa1,female,2008-07-16,18
2100b6e5-f427-4148-9e75-56b42d11cfd6,male,1989-01-03,37
7b887af3-76cd-46eb-9bf2-1d1d408bf41c,female,2003-05-25,23
00e292c5-77e4-4363-94ec-80a1d7f142ea,male,1971-06-23,55
82d46aaa-6d0d-4f58-a678-47ddb5202e91,male,1994-08-29,32
9d4e676c-0604-4872-b18d-14c1a96716f8,female,1951-01-13,75
586959c0-52a7-445c-92fd-29c4fe2312d4,female,1961-03-27,65
bd803c77-b94d-4ae7-8963-31aad4472e87,female,1952-05-28,74
81d34422-5b54-4a1f-886f-185991c4d346,female,1957-11-17,69
eb120d00-d034-471c-bf85-8f62b1386fbb,female,1998-12-30,28
20626749-dbba-4d74-8b27-d0ecf172f193,female,1927-08-11,99
9dca5e7a-73b9-465c-9f28-d9507b12244d,female,1927-08-11,99
79d223ca-bd67-42f6-9e15-00f15a168fbb,male,1990-07-28,36
67b153fd-9db1-4f24-b272-57c727a1785d,male,2005-02-27,21
ef248c6f-9541-4d9c-8a14-28812e64bc62,female,1972-09-08,54
f7122aa1-9183-4342-bdf3-63661a8f3905,male,1967-08-26,59
2c94e9a0-eddd-4166-a527-8d02e76d48b0,male,1948-03-15,78
548bef90-e9da-4128-96c4-3aa6a915af8a,male,1917-08-06,109
470bbce1-f80a-4038-8d47-341290f59282,female,2019-09-06,7
804942e9-6811-4b0c-b7a5-56a64e2ea141,male,1924-06-30,102
bd70643a-8cf8-4dbb-9f90-f81885fe9275,female,1915-11-21,111
0d25c85f-d07a-47fd-8131-e829f697973c,male,2005-08-08,21
cabc3059-eda9-4d78-a9cf-b958090048a4,female,1979-08-15,47
f0dcdd7a-9bb1-41f5-97f0-0317b958b236,male,1959-03-23,67
462c9c95-919f-466d-ba0c-3861a3ab8d5c,male,1961-07-02,65
b62d1aef-df26-46ee-8ea6-c4473d213d87,male,1917-08-06,109
5f428835-868c-438e-b9fe-44531ee22a63,female,1958-06-08,68
85e75e7b-72e0-4381-b668-438899a55c8f,female,2002-11-12,24
f42d7fe8-6edc-4419-a8b2-bf3e2d036d4a,female,1988-09-17,38
dd9e48ef-18cf-4a6d-bb69-ad48f3d2653a,female,1974-12-18,52
9566c4b4-7c6e-4998-b6b5-8726e0d0ed1a,female,1916-01-29,110
7495d1d0-523d-4ebc-a263-7063f0024249,female,1970-06-05,56
da81473d-6cce-4005-bf0a-c69b40fd3192,male,1936-03-12,90
92c9a4f3-162d-4979-96fa-d81bf4641125,male,1937-02-20,89
a2dd7fdc-600a-4648-8254-fd18766a6107,female,2010-02-18,16
99b4b255-2af1-42b4-b8b2-db200a762d34,male,1986-06-26,40
d80f47eb-effc-4a93-98e6-2188af9491a3,male,1957-04-01,69
38dd0e7e-742b-46c9-9b16-8371db3cb838,male,1935-03-16,91
24f496f9-0eab-4ab9-a5fb-ef72967c0683,male,1975-10-04,51
38170e28-4634-4869-a8a3-77b8ce648da0,male,1968-08-17,58
8b93480d-add7-40cd-998a-d8e5129a03d8,female,1941-12-10,85
82609576-4f3f-4a9a-bbce-63f8599087d3,female,1991-06-10,35
ce494a16-ab44-40eb-8f94-9325bcc79f30,female,1985-03-27,41
7ce81da1-c1f6-4427-b837-26779b92b2eb,female,1983-10-31,43
b40dba50-ebed-49fe-b2f1-8be51c0e75bb,female,1936-05-18,90
d4c7d72b-2bcc-4602-887c-5355993c1607,male,1987-12-15,39
f676ae33-02cb-403a-b88e-a06ce8621593,female,2006-08-22,20
64f7fb0c-c21e-46fd-8007-150c08f4826b,female,1949-12-04,77
27b3f87d-a5ea-4c7c-9433-8fd98631b293,female,1916-02-21,110
feb61a85-ca38-4f42-82d0-d19b87ec47cb,male,1949-10-09,77
346d4b95-5e00-48fe-a21e-076735ca1d74,male,2001-11-29,25
6ab5a2a0-f5b3-4b8b-a6a1-bafb45e4fa90,female,1966-01-22,60
cb0811dd-e466-4b86-9835-01814ba94a3a,male,1964-02-29,62
da41bf95-c478-42dd-827d-3daa67c01bf3,female,2005-05-30,21
b5dc344c-e894-49a2-aa4e-873c4fa2675f,male,2014-10-30,12
5888075e-4964-4e31-88f3-24f07cd05e1b,male,2004-09-10,22
61d9b8ca-a6ae-4c45-b814-045b23010676,female,2008-01-04,18
3a7549a3-3764-4c83-af07-517c70a67eb9,female,1977-07-18,49
d7a76278-f368-48f5-b1b6-4a6d9eb48d68,female,1943-08-21,83
2cd07dfe-0c17-4f2f-9f27-527a66710537,male,1978-03-14,48
496593fe-85f9-46b0-92d0-e655c6b311fe,male,1911-04-08,115
0b5e41ff-527a-42b4-94da-bdf295c1b982,male,1999-01-19,27
4b5e42a8-b3e6-411b-b32d-585f71bca118,male,1921-10-27,105
3be53a6c-24e8-4e49-b966-f6463c746280,male,2017-04-22,9
ae9f4ddc-465d-4d36-be5b-c46dd59864dd,female,1996-11-13,30
79c69130-254c-4c06-9545-1df6c7acd118,male,1968-09-06,58
74641925-6d76-477e-a063-7ce2956ef345,female,1966-01-11,60
1e616457-40ca-4c19-864a-2fa186267f5f,male,1914-03-31,112
8937b6dc-4484-49c1-9bef-5700688d5f90,male,1917-08-06,109
8f112359-b634-4533-acd4-cd2595fc15e9,male,1991-10-22,35
e1746953-5040-402f-a67b-7aaccff51e96,male,1969-03-02,57
2389dd31-c3e8-4590-897f-5a9d2f359e2d,female,2016-07-24,10
5fae51d0-bff7-4c06-8388-c36e03d7dfed,female,1996-01-25,30
239470e9-15d4-437a-94f9-9d39f2fa216b,male,1912-10-17,114
e58dfe45-5a9a-4512-b883-5c4828fa5db3,female,1972-06-06,54
a8fcf970-9573-4972-904f-73e7e6f9ce32,female,1964-06-24,62
9a945a5e-c5da-4645-8da7-813358a51630,female,1963-09-01,63
751a3384-dfb5-4b17-987d-e828d7b02acc,female,1996-08-16,30
e0807005-e7f0-4bc8-8707-6c33dd0f2932,male,1912-10-17,114
8ae14d84-d83c-435f-bfb6-493a896baf39,female,1976-10-24,50
1ea8547a-a7d4-4b2b-a6b1-08137dab598a,male,2017-07-30,9
b2f16202-96a4-42b1-922d-389523a232aa,male,2006-12-18,20
e0153eca-fa66-4757-b6b1-4f33660fc7a1,female,1957-07-26,69
232131ac-4bb4-452e-8341-da6ac5cf2f53,female,1953-11-25,73
b10580ea-69ab-4b1a-ac72-989432c20bb9,male,1985-11-27,41
1691a21e-867b-44f2-8e22-00013398cb7b,male,1956-07-16,70
12f0e3a3-b150-4390-b3dd-c18aba1b6625,female,1974-10-23,52
d6e36499-5237-415f-83a1-9790b88324af,female,2010-08-18,16
763a24b2-3655-44b7-a231-106b766b07a9,female,1960-07-31,66
9db83f71-3613-4843-8d86-68f05e0fbbb7,male,1969-08-27,57
159ae3ed-b595-42f4-8084-a12a50591ad8,female,1963-10-03,63
5713dc61-019b-468d-9846-eda00d3b67bc,male,1971-01-22,55
16e05eb1-7254-4a51-98b3-ea9c59f2ae3f,male,1993-11-03,33
527e849a-dba4-48ba-9212-50f2029eea06,male,1965-09-25,61
a7888d60-f383-4957-830d-aa02c2803787,male,1912-10-17,114
9966f239-ec4c-4dbb-970c-cb10250aea54,female,1954-08-22,72
6c222fe7-35ac-48ca-b085-341e6486ce2f,female,2011-05-09,15
3e714eaa-bf7b-4b19-a139-10817d341b08,female,1970-09-17,56
7bb0deba-bd81-4635-a597-0af3f92bd9f5,female,1980-06-25,46
6ced0609-012d-49ff-995c-c0c2663ea644,female,1951-04-23,75
da30a3c0-6e35-4794-8f13-e9da2ef67ee9,male,1959-07-03,67
e6282640-3b74-4c7b-b3d8-2f128f983c49,female,1916-02-21,110
d9076728-b063-4635-9802-9d3e170bb56d,male,2009-01-07,17
62ac0f0c-6877-4105-832f-b82b6ef04a8b,male,1946-03-29,80
b35d0842-af72-4473-b8fc-f8680151c02c,male,2016-05-30,10
33f0b28d-3fce-4b8c-84bf-2209d8e01008,female,1927-08-11,99
5eaac08e-5a95-4132-acbe-d69038cf5b86,male,2008-08-04,18
56dc45c4-d26a-4391-9823-9e78778e3216,female,1973-01-27,53
572b5836-8c4c-40e1-abc4-b7ff89125139,female,2017-10-25,9
973570aa-ab35-45ab-a594-168e70b4458a,female,1940-03-02,86
cb432e76-8500-4028-a512-c82f8e916ed9,female,2019-01-31,7
c6f83133-4512-420e-aa8b-38e39886308f,female,2000-04-18,26
35a051d9-1ac2-455d-8787-ce2275fee383,male,1995-09-19,31
8b2834a7-5c22-4c0c-9e97-8cd523816ffa,male,1932-12-18,94
1ceee5cd-4307-4c52-911c-ec0317eafc82,male,1965-04-01,61
ad04baf5-c81a-4935-92b8-4926e924ec8d,male,1921-10-27,105
ef5b1278-d219-4fb3-a850-e867947ba534,male,1924-06-30,102
2ff23539-8296-4a08-b7b7-001f77d86fd7,female,1963-07-09,63
45bc135c-864a-4773-b6d4-735fb7c02484,female,1939-08-24,87
97303d63-2a82-4ea4-8adb-45caf9731668,female,1988-05-17,38
9a14106c-c140-41ea-a60c-91776ea4c76c,female,1939-04-03,87
eedf9986-9cf8-4e90-bf68-12a6dd9a31c2,male,1971-06-23,55
1d0ad23c-3e84-49fd-9a84-1a61a153f9ce,male,1964-10-08,62
4702b501-25b0-4174-95b1-74cb0f3bbc35,female,1991-03-14,35
cf7e8713-a144-4932-bcc2-7d62e1bd42c4,female,1916-02-21,110
dff354e3-eb0c-4c0d-aaac-e81f10cea9ff,male,1983-03-30,43
8debc8aa-8802-4ce6-8b84-bb540c76a59d,female,2003-11-20,23
fa7e100a-ff60-4edb-9fc6-9574a42784aa,male,1921-10-27,105
df8d2094-9f0e-4fdd-8cbb-3dd43fcfb413,male,1993-10-18,33
fc0fd0c6-0bbc-4455-8666-ac8cd731637d,male,1958-02-07,68
7f8fa757-5b66-4d36-9cff-7e75be93b3be,female,1971-10-06,55
80062d96-501f-46ff-98f0-a6e24edb56a1,male,1991-03-15,35
702152a3-a479-4041-ae50-1d6da2d1c37f,female,2000-02-07,26
5121dde9-bcd9-440f-8dc2-6ca4e8ed563a,male,1988-10-14,38
2024f4de-09fb-426c-979c-abd4c9aaa2c4,male,2008-08-24,18
5ec8bfac-b725-4658-aeaa-b1e328773adc,male,1975-10-07,51
60b5b760-a97a-4ad4-840d-48b948bbd526,female,1977-02-19,49
a8e417ed-50ad-4010-afcd-61dd0db99a6a,female,2000-02-03,26
d60bf55a-f1f1-4c15-810d-cfe841f59a39,female,2001-09-20,25
19340afe-e4ce-4e4d-a4c7-d03c3d05966b,female,1946-06-08,80
c4bdbb39-69bb-47c3-8601-254ba324d2c4,male,1914-03-31,112
993867e2-03ee-41cc-ba33-97ad9a1bca6c,male,1982-09-02,44
6605daac-4608-4674-b79f-096ae34fb22d,female,1973-04-04,53
766a0f64-cfd6-4e40-b174-533bfed8db81,female,1946-04-26,80
abb52c85-0955-4de5-81a0-00958b5d4340,male,1983-05-14,43
5a81eb83-d529-420b-a141-a18c2431ae84,male,1960-02-15,66
49b26d1c-c0ad-4f66-b345-e29d02a5737a,male,1974-01-06,52
e1328b32-78d7-499c-bab3-ba1c7b4a4f5b,male,1971-08-12,55
70c1f55d-a883-466a-aa13-304e89e21738,male,1938-08-19,88
77473282-82e6-4d7b-ae46-aa27a20daef5,female,1965-02-07,61
868d4e52-7ae2-4ab8-8fcd-1a9fb1765c6f,female,1962-09-13,64
ed49f451-324c-450a-994e-c257a1e6e2cd,female,1959-02-19,67
512c8c96-314a-4bb0-88b5-67ba5e572234,female,1996-02-14,30
d19a1b44-41fc-4608-8358-21a2dc945ed6,female,1979-03-01,47
bf2ef785-14f3-45c8-a911-3d8c04933c9a,female,1995-06-22,31
5f7da4e8-45ce-4952-9049-029e7de25e78,male,2015-09-21,11
a553251e-20df-4fa9-bca3-7241857b82d8,female,1995-01-25,31
56b4ba28-b684-466d-8589-fa0441b95455,female,1965-09-30,61
c2280b6a-f0a1-4b57-8f62-d51af37a8cab,female,1981-02-27,45
b3b73e33-ff48-483a-8338-20bcd7025a76,female,1957-08-29,69
47cf8ff9-b548-4678-a9fe-27cac0bc1580,female,1996-08-04,30
eb124b46-7055-40e1-bdf7-3e11a92a1b2a,female,1955-08-21,71
f3936523-1f91-4d62-9a1e-4b2e516d63ef,female,1994-07-01,32
e62198f2-d0a7-4a3b-b2e4-8f7cac97d506,female,1958-02-04,68
a7512310-6fd7-4f59-b981-ee1103da900e,female,2005-07-07,21
b9a11f39-52e6-4032-8914-a9feb21f6426,male,1943-09-01,83
214eddfc-f539-43ab-ba7f-70e48d936221,male,1970-12-03,56
043278e6-3909-446e-a840-5c4a76b9f93c,male,1968-06-20,58
d55f25e2-a409-491f-a972-8e1bfb923db6,female,1940-01-26,86
24e39d96-f664-42f5-96a6-a17b3469c520,female,2011-08-10,15
dc843d4e-d9a0-4f8d-b3a9-0358c69dcb57,female,1989-08-28,37
5b1ac951-64b4-4f41-97aa-b8c7ba40eeb6,male,1936-07-27,90
49340d22-f236-4d3a-8cfc-94696aaf18d0,male,1981-12-07,45
a2000d4a-257d-47c1-8c28-7b22d63feb23,male,2014-04-28,12
9bd80ff7-2692-4dbd-9274-c719701f05b8,female,1992-10-01,34
6d6fec2a-b149-49c1-b669-4b7106a7aa72,male,1969-12-26,57
47301591-46ea-4626-b433-5965c68314a0,female,1972-04-02,54
6f328acf-be15-44b5-a4f5-8a75bb7f5c66,male,1949-07-15,77
2aa3b92d-2745-47db-ba48-adcd9c8ce8dd,male,1994-01-15,32
b8dbc743-512d-4c66-a396-59ee73c81f61,male,1978-10-02,48
fecfe057-148e-4404-b296-45c8d4ef95ce,female,1981-11-07,45
1e988caf-2367-4aba-9ea9-83639f191f23,male,2004-01-01,22
a2956879-23d2-4fa8-84b9-1b545a1e9796,female,1978-07-12,48
70461ff5-7a7d-4307-a47a-0dc6e828780b,female,1962-02-17,64
6e32b35c-982e-4af1-adec-a6222b037bc3,female,1954-08-18,72
b9f7e272-4f4c-45a5-90be-587a66152d13,female,2008-10-03,18
eec6ceb6-dc31-4e06-928c-94d539899381,female,2011-06-16,15
4d2cc5fb-be32-4f1c-b5c5-4784b58d345a,female,1952-12-20,74
43159c03-e921-42e9-945f-d83ad95a87c4,male,1979-05-11,47
3e35904e-5dc7-4324-9615-bb595f2b46e2,male,1959-12-04,67
df41158c-3a50-4ece-9733-ae930b1912f3,female,2006-09-01,20
5e25a714-a9b0-4df9-ae15-589efdfc64b0,male,1962-10-08,64
251bc73a-3d83-4c35-b35a-2f0773cb48e9,male,2000-05-20,26
bb9113a7-2c7d-418b-92b1-2bf70777a7c6,female,2015-10-20,11
4b2fa4a9-02cd-4071-afa9-66a904431b96,female,1967-04-29,59
bbdd104b-23bb-4760-9122-7e565df30ba0,female,1955-10-23,71
502be75b-1a4a-497a-8a0b-72cd0beccf09,male,1935-03-16,91
e5e1df9d-89b4-45dd-8ea7-f24780b30946,male,1990-04-27,36
cb1d8c5c-28ac-4e6f-b65b-50655224521c,female,1993-10-06,33
3cac9511-1c07-44f1-9b50-3241866688ff,male,1960-12-24,66
1c7b86bc-e43f-4453-b70c-f4ef91f57aaa,male,1968-03-07,58
097d1c93-4142-4c08-86ca-4966c35f83f8,male,1952-02-13,74
40d3cfe9-22be-48ab-90d3-6a722e85ee9c,male,1965-08-14,61
896ce6f0-f9b3-4ce5-a670-2c26eafdc7d1,female,1951-02-27,75
5d75f471-f5be-41b5-a3bd-03f4cc9b3a6f,female,2007-06-03,19
8d0e87bd-df80-49de-99d1-90db3ea43d82,female,1975-06-25,51
d49615b1-38b4-4c37-b59c-076636983fb7,female,1921-07-04,105
a520133a-58ef-4224-b17c-67d659efb19a,male,1964-08-07,62
1b101253-1bbe-453f-b7fb-883becac74eb,male,1921-10-27,105
20bdcb97-dba3-402e-9424-0bb97f9ad6d6,male,1949-02-07,77
9eeb8c4d-86d1-46a2-9d5f-6104234c58f0,male,1951-03-22,75
42250189-4e46-473f-b302-985d998f9cf1,male,2018-12-08,8
9fdc65b5-8ccd-4859-9b23-e69b7e21c1e2,female,1949-10-31,77
05527b74-5dfa-43c7-adad-2984277fef73,female,1952-12-20,74
15e2b575-465b-49bf-9299-c87c9c79ee7e,male,2010-09-16,16
007d0d26-9ed9-4fdf-8d2a-9f64ac4319cb,female,1955-07-11,71
f565ef13-c278-4eb0-b306-38135b648e93,female,1988-08-25,38
c8120b2d-68df-478a-8267-558545553eae,female,1962-12-06,64
a4abacda-eef1-4b96-b84c-3424c81ce2c5,female,1927-06-20,99
3f546c62-dd74-4ad2-9124-3d81bfffce99,male,1988-06-01,38
565ea12a-8cc6-45c9-83ec-fd702d4475cb,male,2019-01-19,7
22159a39-17be-4d1d-a595-371130ce696f,female,1976-08-20,50
6bdf7aad-fa06-4c67-a14b-7d22ea251a85,female,1981-12-21,45
2929da28-d403-4fa5-8d3b-46067d4a5b68,male,2018-11-22,8
79628f7a-934b-449f-aa5c-430b201484bc,male,1958-04-22,68
bcaf2b47-56e1-4971-a15d-fd40d4782b0d,female,1985-02-27,41
85f49286-aaff-457b-a066-c0b0b9fe8b5c,male,1956-12-30,70
1bcdcb43-138b-4bf7-a086-b13fb2fade57,male,1988-02-28,38
a4dd2e70-6aa7-4cc0-b84d-4b25e0588e6c,female,1955-05-08,71
7b5af77a-20dc-43b4-ad18-c216291a7681,female,1979-09-14,47
819e8326-ea69-4d4a-823f-a60a1092229e,female,2004-03-06,22
c247e691-cf7a-4ba6-9a62-fcce809e119f,female,1934-11-06,92
ce3527c8-5d65-4061-b7ce-d897f1483767,female,2001-12-15,25
0612e8ea-be3c-426b-9434-bd1ceb415b60,male,1919-09-19,107
28e9f049-2f4c-444c-8ec1-410b0604f4cd,female,1971-01-29,55
324e182e-30b7-4290-b424-98f7e40fd4c1,female,1968-07-22,58
880b84fd-53fd-4d4e-87db-763978e4841d,female,1993-04-16,33
29af7b4a-b4bf-445e-9aa0-b8ae994eb2b7,female,1977-04-19,49
42086cbd-d4b2-4232-a248-602866ced55c,female,1940-03-02,86
225d977e-7349-426e-b4e7-11b1472326c9,male,1957-05-06,69
763b6101-133a-44bb-ac60-3c097d6c0ba1,male,1942-08-30,84
8cb876ad-9376-4685-827d-3f947a144abe,male,1973-10-08,53
9c96570b-a8ee-4c8d-884c-61e3484df800,female,2005-06-25,21
df581829-1d07-41b4-b308-13719af2979f,female,1955-08-23,71
51a65c8a-b28b-4c67-8bf6-7899a76afce2,male,1951-11-28,75
eec393be-2569-46db-a974-33d7c853d690,female,1935-01-12,91
82f6055a-53f0-4aa0-bf9e-b3f24826970e,male,1962-07-10,64
434b1ea6-26c5-4e88-8a46-23cb2b3b830f,female,1973-03-29,53
0c0bb0c1-a350-41da-b144-6533473cf968,male,1946-09-02,80
a287bda6-343e-4d3f-b7c4-5ff86853e413,female,2004-08-14,22
ded4aae9-0511-4212-a169-6effeb954f9b,female,2011-07-15,15
b97cd1ea-0981-4fb2-a437-7698d2e4ee4c,male,1959-07-09,67
43079775-bd14-4e91-8b3a-c724af87497e,male,2002-01-20,24
1eb600a3-3740-4489-9e75-ea80674f3e19,female,1980-12-05,46
5e4b559d-6999-4c91-9256-7c9845d6e167,male,1924-06-30,102
13b01a13-9472-4bf9-a36d-17bdc12612af,female,2017-08-29,9
db1d082d-4202-46c7-b7a0-53063f6c01e5,male,2012-09-09,14
14e057d2-94d1-4cbc-9d64-386a92ed5f62,female,1994-01-27,32
20e10f38-006a-4a2d-987a-91c47065ba3f,male,2014-10-04,12
fe97c5cd-2182-4314-a99a-4b05f6b1795d,female,1978-03-18,48
901d2c71-062a-4e40-af1a-34ebe048200f,female,1971-09-06,55
29c31c9a-bac6-43c3-870a-3a7dc1337df6,female,1952-10-14,74
357ca849-49c2-4736-ae79-ece429ff36f6,male,1994-05-14,32
6f54a22e-1e9a-41ea-b96c-a1efd7ef455a,female,2003-10-17,23
08ec8352-cb87-4177-9950-09c967ddd116,female,1916-02-21,110
b634ed04-6582-4711-9880-fffd69cdbea5,female,1991-06-26,35
e0bba442-3e19-4de8-972a-ed4535928a64,male,1963-07-08,63
05296b89-a15e-473e-9044-7a68ae2560ac,male,2008-02-18,18
daba8b95-815c-4672-98fd-0e9c8a2ef991,female,1970-09-01,56
41725bcc-792a-4480-96ed-f87f3b36969f,male,2014-12-28,12
8d55e3c4-3069-48fa-9ffe-af4c4c72b210,male,1952-11-29,74
dcd33000-f1bd-496e-9966-8dea05721973,female,2007-06-10,19
1b3d6bce-f01a-4433-93b4-6fea284b7c83,male,1912-10-17,114
b3cec487-4fde-49aa-b653-a6b43ce2b98f,male,2004-11-09,22
aef0d49c-26cc-4027-b8d6-dcf39d75b18c,female,2012-10-26,14
df121e33-f3dc-4d02-a523-3bbd89c8fa5b,male,1924-06-30,102
2d5e18ff-c50e-4ddc-9391-98670c64f72c,male,2003-04-07,23
51c6a044-5dc5-416a-8297-f4ed88ec69ed,female,2010-05-29,16
afe504f0-309c-4130-9ef2-601001af8c5f,female,2008-01-26,18
09cb7ea4-34f9-43ba-b577-3615ca22a8cc,female,1988-07-28,38
f156b85a-67c6-4238-96b7-3e869f0462d2,male,1912-10-17,114
a1bb36d3-1785-44e2-b487-1ef6cda1caf4,female,1952-05-28,74
543a7d59-fe25-464d-bacc-e44f9542c938,male,1919-09-19,107
10e3c687-32d8-427e-aebe-d3e121e6992b,female,2018-01-22,8
f72c5233-c18e-4689-904c-59778902e863,female,2006-08-09,20
74d69b96-1d67-46cf-9960-38f54a4f89a2,female,1975-08-22,51
32fde49e-97b8-483a-a818-e67090edbf53,male,1958-03-22,68
d80b835b-f388-4115-b586-14af074c935e,male,1988-08-21,38
a25af687-9a39-4ab7-930c-61f5c18ea75f,male,1943-09-01,83
980f0211-51a3-4845-a170-4df599d13845,female,1939-04-03,87
db8e91f4-3e3d-4a9a-abe1-848f65d12a70,female,1932-07-07,94
127b28b8-87f8-4ca8-b702-8a8b365dec0d,female,1968-08-28,58
dbbc33b2-9e92-4281-ada1-7e67bac97165,male,1985-07-29,41
4602bcb4-7adf-43a4-a415-00cb3af35e1b,male,1963-02-15,63
07b57d58-d61c-4fa2-81ba-9bd19647dbf4,female,1970-06-01,56
3681ff03-cb12-4652-9e31-beb45b205491,female,2017-01-04,9
edb956f2-647e-4d2b-9578-ef533d03f6e1,female,2013-11-30,13
a0917f1f-b1b9-4656-a48e-851bf15fede3,female,2019-07-23,7
8de289d9-7223-4aee-844f-c213c2d0b780,male,2005-04-19,21
00a2f5af-39e3-434b-8988-4c58acaf51e0,female,1992-07-27,34
ee552ef9-b1b5-4ab2-a48e-2ebc0ae02be1,male,1954-07-23,72
0c3d9ae6-7b35-4046-a68c-0dd339a5be85,male,1984-09-04,42
00e24db2-623e-4f87-bf17-cdb27906bd8f,male,1992-06-08,34
8143897c-e650-4e55-b08d-8306e2f424bb,male,1931-09-18,95
cf5ea5d9-957f-46d3-bd09-8f2b0ff8e80c,male,1960-10-05,66
c70e2a78-1e77-4eb1-8215-8b83351cedcf,female,2002-11-10,24
7cc1a068-64b8-4c5d-ae1f-0e02cb6a0fa7,female,1916-01-29,110
b626136e-aff8-4711-8279-536f07f197b5,female,1954-07-21,72
5afef64a-b152-4288-8cdd-9955d50fafb3,female,1962-02-23,64
f79e075c-ac15-46bf-ae07-b130f97c2f77,male,1990-05-28,36
7aa12d2b-b9f0-462d-899e-a94d0a3be158,female,1973-02-06,53
1d25763a-9523-4118-95d0-f563aa7675cb,female,1971-05-16,55
3e8741e9-2c1b-4d3b-aaed-be6410accae4,female,2015-02-19,11
7970118f-1c13-4eed-8528-8e3866ed4bcd,female,1914-01-23,112
906fefd9-6890-4bb8-83d0-525d7749647d,male,1999-01-19,27
b6c204f7-08f2-4e99-acfe-59047dda2861,male,2004-07-06,22
664632b2-1503-42f3-921d-2fa78912f35c,female,2019-05-26,7
84214c96-dad0-4b63-ad9b-589246ef432d,male,1997-01-17,29
3538b551-6fdb-479e-838b-93849a03bacd,female,2015-04-01,11
b141d859-1280-4f0d-b6eb-abe62efdf033,male,1917-08-06,109
0bbb6bd8-c7ef-47e5-8997-112b5e65f7de,male,2014-06-01,12
2796604a-8795-4d13-8298-d329c1d2a3de,female,1997-04-01,29
c5428e2b-aeaa-4634-96c0-42085bd70b78,male,1990-11-07,36
81fc5cdf-7a61-43fe-8f61-5eb21a480174,female,1972-08-12,54
161e46ed-d521-4f08-b5f4-05385a4a4231,male,1986-05-16,40
abbd3c1b-3048-49f2-95c9-9303b3b73d34,male,1917-08-06,109
868f278a-a771-429f-8eb1-3af5907aa730,male,1979-08-14,47
5c9fb21f-1077-42be-aaab-76a9ece2ddaa,male,1935-09-02,91
bdc5eb69-3fb5-4cc7-ae76-ee6d5aa2cd61,male,1924-06-30,102
521709fa-6cf7-444c-89b8-b2d195a4d044,female,1959-01-18,67
24c0e497-b5b8-41d8-8371-c2f0f7d326ed,female,1967-07-04,59
c7f75d68-91af-42dc-a639-6fa3b7609918,male,2017-01-31,9
2ca9afb0-da33-4934-bcc5-eb8c1a5b1d5f,male,1963-11-17,63
b9613fdd-e89a-45d1-bcf2-45157765e6d6,female,2016-02-17,10
1c7b22d6-5a8b-449d-bffa-972a38387a4c,male,2017-11-29,9
680b86e1-dc49-425a-baf2-1b0bfd9e5437,male,1954-08-09,72
7ff90bc1-e55a-42aa-92b2-7d9d574f5e79,female,2018-07-20,8
10c09023-42cd-4ed8-9055-09bf6120c7dd,male,1980-02-16,46
3adee3e0-1704-4247-ab1a-8fc40333d3c8,female,1981-05-08,45
6e965c83-1c3f-42bb-9604-f809c18bad6b,female,1952-09-12,74
47b0e965-2895-4c94-987c-8bdcb37f777b,female,1960-06-19,66
f03f8d5f-3fd6-4878-94a0-0d24edde0b7d,female,1953-11-25,73
3452104b-dc54-4f12-ae33-51fc346ee6b5,female,2008-07-06,18
26cc2be9-288d-4d86-9938-7aed19eace05,male,2006-04-08,20
36b87f5e-a4da-46cc-af88-d9a12cb239e6,male,1998-08-16,28
b8f72bb4-c2f4-42ed-839e-2d42b62727ec,male,1979-10-21,47
ef0004f7-d2e9-4b83-9802-0114f0c8cdb9,male,1979-06-04,47
2d6dffb8-bf4d-412a-9940-45f0281c80d0,male,1964-07-14,62
afd8b4ca-e86a-412f-9ba6-49df67a941d0,male,1993-03-24,33
568e988a-22d3-44f0-a6f6-2cd686c5a524,female,1983-01-29,43
91a87cc4-dc79-43fb-a65e-37b5bd71d1fd,male,1924-09-08,102
53e25c5a-e2b8-4a55-a7eb-909ccafb4ef3,male,1939-10-02,87
d93be46c-1c32-4d8c-9254-4fd613d2b971,female,1987-07-01,39
606066f8-09b3-4fd3-b3c9-b2d8e0180303,female,1992-04-29,34
17f6dfa9-54d2-437c-bd81-ecfbb626d5d6,male,1924-06-30,102
0eeb0cdd-31fd-4566-92bf-c08175da4eab,male,1997-04-14,29
b4be702f-d857-45d1-96d1-7c8960ed3cab,male,1946-03-29,80
503c3a0d-78d4-407e-ae71-b73c6b072707,female,2000-03-28,26
0c6f3ca2-f014-4839-bbb8-1e9af61ff97a,female,1996-05-06,30
fee45ad3-249a-4460-8014-c0876318756c,female,1988-11-09,38
ff4a7927-70b9-4ced-b4c8-474d1e6430b4,male,2009-07-29,17
33954183-30d8-4189-b278-2d60321acb5d,male,2002-07-22,24
6e660eb8-1e72-427e-8828-0c9bdc2de72e,male,1983-01-15,43
e38cc12d-52ac-4d45-8d4b-98160f3e6487,female,1941-04-06,85
aa7d3c7b-beb5-4d8d-8b07-4431ffbbfb08,female,1966-12-01,60
46c808f9-3389-4d01-b2ad-f672324fcb65,male,1921-10-27,105
713851d3-584b-499c-8884-3e91d80caa88,female,1927-08-11,99
4241bbb0-f09f-415c-a5a9-e094eb224a21,male,1951-03-22,75
e1fd017a-7052-4b1d-bd05-8325a1503c92,female,1948-12-20,78
b6094eb3-f868-4fe6-ac95-7211634f9fa3,male,1955-03-29,71
5568bd06-d6a6-46af-9262-b033e09035db,female,1952-05-28,74
0e642434-c27d-4385-90c8-4846b73324f5,male,1960-11-04,66
3c7fe1a0-ac2b-462b-ba6e-c6613a698105,male,1967-01-26,59
45159935-14ce-4fff-b753-2d034750820a,male,1955-01-31,71
d576c9f6-69e8-4dc9-9cb6-a1b941f78736,male,1962-10-04,64
3b913b8f-444f-48a1-87b0-036e0d9b7dc9,female,1996-09-24,30
9c815236-6d4a-4202-9fb3-e72ce50d81f1,female,1973-09-11,53
8041b714-12ef-462d-8d2e-4b4ef92b97d2,male,1934-11-24,92
c07a68d5-2e0f-41db-9b36-260612b23fd0,male,1956-04-27,70
8d864243-87db-4810-b0d4-5ac13ecf1846,male,1948-11-22,78
0547ef1b-5256-4733-ba0c-810761f0b6ad,male,1943-06-23,83
b592259b-f120-43d0-94ee-019e88cec1b0,male,1971-04-07,55
c689ee14-df1c-4909-bfbb-39782a1650ea,male,1967-03-17,59
a7ccdbd4-c6a5-4e46-b237-b4eb91639ee9,female,1976-01-25,50
6f0a686d-4bae-4aac-8196-045714265b6c,female,1989-03-20,37
83ee4ec3-acd9-449e-95b2-502eea348e7f,female,1985-08-28,41
148a3e31-4d33-4c3f-a8f8-fcc3312fddf6,male,1970-05-13,56
33f29bfe-ba24-46f8-8add-99a32a37e404,female,1992-08-10,34
6578e412-1ccd-4e0f-9a60-f998b9bc77f9,male,1936-07-27,90
dd3b057c-ca22-4145-a6d7-5c3f3f08f336,male,1979-06-20,47
9b6d3d93-b082-40a9-a0f1-5113f60b9952,female,1927-08-11,99
8e674838-e3da-4bc9-b9e3-7d726b07291d,male,1955-11-27,71
8d0182c9-162f-4a0d-9f2f-153cb098a5e3,female,1964-10-05,62
96ead6e0-ceb5-42f7-a1ea-e1dcbabbcc8b,female,2019-03-05,7
a5f550c2-ecbe-45de-9a4a-6414e6819a89,male,1917-08-06,109
5114c154-5283-4d6e-aef7-c70f3a0f3990,female,1979-09-02,47
67816396-e325-496d-a6ec-c047756b7ce4,male,1999-12-12,27
02f3c474-fefb-4ceb-a1f8-a0467012cd2b,male,1982-10-23,44
3f2a2319-082c-4396-9b8a-6a432cf6fd76,female,2009-11-17,17
716c0766-71e4-4819-a015-55bcfed11008,male,1965-02-05,61
84691283-3078-4a8e-aa46-e5577937fc7b,male,1957-09-17,69
728a43f6-819d-41bd-860d-f2ce72979ccb,female,1998-12-01,28
ceebb8e4-8e98-4b38-a8b2-d4f043563c2c,male,2012-09-20,14
d2b0499a-e885-4d9f-941b-f10b18303305,male,1993-11-27,33
11e3c359-5b18-4a8f-a983-951d21deae66,female,2013-07-15,13
65b40773-7ff9-46db-b5a7-30e031287860,female,1959-01-18,67
d392d8b9-bd25-464d-bc55-bd55f37f2874,female,2018-10-12,8
eac351d2-0af2-4442-af3d-a4d8fe1c8ee3,male,1992-03-23,34
c86eca4e-0746-4223-9706-ebfa1db87d10,female,1967-04-07,59
7f89f693-7205-4bd6-bba1-a2645876ecee,female,1981-05-29,45
f1ea52d7-f5e0-42e3-ad80-7fc2f63ed47e,male,1936-03-12,90
05170481-01b8-4729-bcec-e81d2c89ea83,female,1966-11-01,60
c11ec948-f218-4128-b486-c40f2996a6d0,female,1926-08-21,100
043885f1-3c14-4804-b141-791436b6aea7,female,1986-05-17,40
1aaceb69-6c39-43fc-98ba-1b05fbb6cc83,female,1965-07-26,61
2220bcea-ced5-4943-a732-cdae7f7f8a2c,female,1954-03-13,72
d194a1e5-1d28-49c3-afed-38f59ef3df8d,male,1979-09-17,47
476498e3-2f7c-4ac2-a53f-f40b7309f60b,male,1957-08-14,69
93384648-7735-409e-a521-ca24f2a2957d,male,1974-07-07,52
1bf2122f-f0df-4b6f-a1ed-03c64d380d1a,female,2000-07-10,26
a2b017c1-9f46-4618-970b-ef1c8ad29c10,female,1916-01-29,110
8f26a9d1-97b4-4d80-bea8-1ac743aa2db5,female,1962-12-24,64
a963d4d2-281f-4d00-8db3-ee1f9deb787f,female,1987-10-17,39
10ae93b2-c54a-42f3-a370-314bc7cae1e8,female,1963-12-06,63
1b927256-5d89-4ec3-bb63-52d2cf896199,female,1998-05-11,28
4dbee22d-0aba-4432-83e5-cca1de250d29,female,1972-10-27,54
456cf3df-d55b-40e9-ac66-243cd00e70c0,female,1946-02-07,80
0254de23-cc27-4e6b-a384-16a0ac45b71e,female,1988-03-14,38
cc366c65-b771-4d1e-8bfc-4206dd77362b,female,1949-01-22,77
e27622c1-18e8-413a-b153-83f005458d75,female,1998-06-23,28
0fd4e78d-a389-4d86-b967-1c85f237a76c,female,1991-10-03,35
5c654082-5e48-45cd-aeaa-39e94cf9113a,female,2015-03-02,11
ca606893-27fd-4f68-9331-c0534a010df0,female,1914-01-23,112
2643b231-f01e-4255-9594-ebad2b25bed4,female,1963-07-09,63
5f34ba9d-fa36-4c09-a681-cb6b04edcc75,male,1968-10-08,58
cbe3e2d8-dc40-40f1-ac21-c7ab36f4bdb8,male,2007-12-04,19
185a3b84-228d-4e0a-af10-4f10132cb053,male,1995-06-10,31
a2bc2feb-d766-47da-844a-419df19d0e66,female,1994-02-26,32
da8ad96f-4385-4b4b-a8b7-6386619f8319,female,2002-05-15,24
fe8e6fa5-5bbe-4023-acf8-0160da43d5ec,male,1990-12-26,36
2fbd5ca5-e107-4bff-9df6-01fa34c1fbef,male,1983-11-25,43
f300d272-86d9-4fa2-8048-e34da7065833,male,1958-03-22,68
6d14e099-d8bc-4808-9899-fa5abd453bf5,female,1994-07-03,32
e342dead-57bd-407c-b837-a2fe5b979a47,male,2006-06-22,20
38287e30-362f-43ad-b060-f67d1363ad01,male,1976-06-28,50
0bf00ad8-95ee-498b-820b-7908937ee29d,male,1977-06-24,49
6d672210-3895-4a1b-ad80-273be77b3b59,male,1936-06-30,90
b98e4960-beeb-41a3-9400-3e07ece715d0,male,1996-07-08,30
05124f42-6072-48f3-adc3-7a7d39c79e3b,female,1973-04-11,53
96185940-e433-4a62-a944-bf0aa43962ce,male,1956-04-13,70
380f92d4-9120-41bd-90dc-99080c2bb023,female,1927-08-11,99
4e7cfec8-43d2-48e9-b325-3ef3b16ac926,female,1994-05-01,32
378cfd4f-3afa-4bd0-849c-2c45272b1422,male,1976-11-14,50
503a7424-2bb9-4723-8ebf-2610c0f2003c,female,2006-01-01,20
0898c39a-4ae8-49d9-b1fa-560fe95833ea,male,2001-09-01,25
57c661cc-cf9a-4566-b065-6951d7ccb000,female,1993-12-20,33
cac7c5c1-f9e4-43a3-935a-5a2cd6c38727,male,2018-06-11,8
bf6cd44d-103b-4def-bd7b-01628b6593a6,female,2006-12-28,20
d72a00b4-8903-45f1-9ab0-6dfbc949f219,male,1951-07-20,75
a5dee7bf-d024-42ae-a5c1-a30c4fe3eb83,female,1954-05-11,72
7dd63e51-2cf4-4a70-adb8-a3bf76396140,male,1996-12-22,30
35271ac4-a291-452a-81dd-6d87585e81a2,female,1992-11-28,34
4e35d1c5-b54a-4bf5-98d6-de5c569dbf55,male,1966-08-21,60
6ab74435-be09-4ed7-b19d-4b6ac8bd3262,female,1950-02-26,76
2d60c669-99c9-4551-a1ea-cccdd934892c,male,2017-12-19,9
fc863fc4-dbe2-430b-b213-ce400f6e47a8,male,1924-09-08,102
76cc5709-8066-4cce-bb34-c4754c38b5ca,female,1957-02-20,69
72c586fa-c7d0-4c60-b81d-9c27aa984eda,male,1911-04-08,115
28a79c3a-9c1e-4b52-bfba-df359bd1861d,female,1984-07-22,42
68b33261-c4a1-4960-9159-4f7ca3663d19,male,1990-09-26,36
c83ae3ed-f855-4012-b24b-f036e82f8a8a,female,1984-08-20,42
1a1d6785-20bc-46a0-8c82-df94e3ea4dc1,female,1985-04-03,41
71d2ab8e-2138-4ed8-811f-6aef4dfbdcd2,male,2014-01-25,12
fb0e3ddf-19c3-4656-a95b-0ac4bf34daf4,male,1994-01-25,32
73f076b2-64d5-4135-a4e5-1af0d338af59,female,1968-07-27,58
c090cb18-cadb-4b61-bc8a-1d4f593ec211,female,2001-07-19,25
0faf8b53-03ed-4c7f-912f-d5d35e732850,male,2001-11-29,25
25cc2755-9643-43a9-837c-f79c04ad8916,female,1997-08-08,29
1f7be334-8230-47f4-a73e-a5446b208f02,male,2013-10-20,13
a17d39e2-bf61-4f7a-b68b-3bdf214db7ce,female,1977-05-15,49
9fb75275-5841-4f60-9ff4-cc9dcd5283d6,male,1957-02-26,69
812f7a88-9a55-46f2-8a14-1e64e4af8f8c,male,1935-09-02,91
a72ea5e0-68aa-4dbf-ad8c-96ef47ab19bc,female,2003-08-21,23
529762db-232a-4897-93cb-5f25cbd596d5,male,1994-10-28,32
d60e619e-3308-47a5-91c8-dc9203199b31,male,2006-05-02,20
5434980c-7587-4461-ae4f-bc73143079a9,male,2014-10-26,12
caec198d-e657-4aad-a013-2aa9f855685a,female,1981-10-17,45
f0c47b65-b163-4ee1-857b-50f4447ab3ec,female,2014-12-29,12
782e6baa-d3a4-4276-ad6d-7abf4a5a9696,male,1987-02-28,39
e5816408-cd43-4532-9fa1-ac14299252f4,female,1971-05-09,55
b495844d-22d0-4045-a00d-99f6799df265,female,1946-11-29,80
0bdc987f-30ea-4693-879a-6a6a85ab2c11,male,1970-01-09,56
78378d37-92b5-4d2e-8f6c-b8f5e79f3999,female,1976-02-14,50
a208f091-4a3e-47ec-b82a-64b464287124,female,1973-10-19,53
b3147f34-6ab0-4763-91e3-af0fc3cc03d7,male,1935-09-02,91
960da906-c4b2-4af3-95ce-f339e22c01e4,male,2003-11-04,23
0221a733-9dbb-43b3-bc78-20546793e622,male,1960-10-12,66
5d265007-0d56-4564-9503-d02f7bc4a7d0,female,1946-02-16,80
0fb66864-1a0e-4230-b74e-df329e527329,female,1961-06-13,65
459c705d-761a-405a-988f-e7d6666b1f27,female,1986-02-10,40
1aa0bc81-ace3-4920-90f4-4e05ab9dde7d,female,1958-12-12,68
913020a3-c555-4f70-8828-bece3ef94bb9,male,2003-12-13,23
bf9e706f-aed4-49d5-bd53-051b3c9bd4af,male,1912-10-17,114
e6538157-bc61-4f86-b135-7a498e8be14b,female,1997-03-04,29
f47d7174-87ec-413a-b73d-e3e6da48639a,male,2005-12-31,21
2942a0e4-dbba-4f71-90c4-26601e40f87f,male,1980-09-01,46
6e38fda8-af7a-4097-aaf1-7f064207ca4f,male,1983-07-13,43
08c3ac2e-1fe1-4c2e-ae33-a449f2dc3ead,male,1958-06-19,68
b87ff449-169b-4180-a54d-e593fb486d8c,female,2009-07-07,17
6a92b6f5-0f67-4bd8-aa21-8468fc48b44f,male,1946-08-06,80
df3ed4aa-b760-4744-9bb2-07970905b944,female,2017-09-09,9
66126b8c-d00d-4305-9201-3928dbd0f397,female,2008-05-09,18
59407202-4ce2-41c8-85b0-cca815ec92c4,male,1964-11-27,62
d0754629-a689-45f4-911f-a9548930a342,male,2005-06-27,21
c907755d-4b66-489a-be80-90dc7bd4ff38,male,1950-02-07,76
161b6240-4c52-4248-a412-53df4ebdf011,female,1992-05-29,34
80afed8b-2e43-48b9-bf2f-4a428d33af9a,female,1921-07-04,105
c0f71501-8fee-488f-86cc-5fdf77356f3f,male,1947-04-15,79
0256e29d-7bfc-4944-8865-c247814cf97d,male,1936-04-27,90
8b11ed7c-c4af-40d0-84a9-36c8a96ba03a,male,1924-06-30,102
f1037f01-07d0-46fb-a15c-d1f3c38df54c,female,1958-07-22,68
121bfd85-d74d-466f-a62c-dc4ee8ed1e3b,female,1973-06-02,53
82afbf65-3cf8-478c-92df-01b0a86bd210,female,1964-03-19,62
428e4e61-7664-4c20-800d-26ae7f8200e0,male,1997-09-24,29
eb196666-7386-4b09-b3db-7232e8ee3628,female,1916-02-21,110
ac5116ef-9a49-4780-805d-59cca601415a,male,1956-04-27,70
5c687d6e-e9d9-49ed-b32c-8a2486ac67cd,male,1980-09-10,46
7ad14a69-ed91-4a7c-8195-f4e2dd95207a,female,2012-06-20,14
8c270f61-e153-4d1f-b7be-03c0e34438b5,female,1970-08-06,56
20d3e30d-718e-42c5-ab38-d11e2a813df5,male,1939-06-24,87
90a26ab7-b593-403f-a732-cad66c03a0f1,male,2015-12-08,11
dc8c1e1c-2f5b-4337-a0de-37b5c1093464,female,1980-07-20,46
e8fcba84-3d44-43dd-97be-479926e547d1,female,1947-11-22,79
5864c62c-a5a2-4cd8-955c-f1d2159e292d,male,1966-06-12,60
bbdfda1c-c1b3-4273-a8aa-789a74d953dd,female,1968-07-18,58
b8f5fa1a-8b5a-4a5d-a5fe-3b2a4537738e,male,1997-03-14,29
6d06eedd-4f0f-43b5-a66c-accd15788743,female,1991-01-17,35
fb2cb6f4-3cf8-4c2c-96da-521e7d03abae,male,1972-01-22,54
cf552acf-57c3-4749-89b5-95892c198d74,female,1927-06-23,99
bc001ffe-32b3-48f1-9d8f-c3822b525101,female,2016-03-17,10
2d0550a4-7d9e-4fee-8689-deade2aeead4,male,2006-12-17,20
73d58836-0439-4251-87d1-40e5f2f8c113,female,2017-12-27,9
ce78c20a-21b2-4b41-8b47-aae9273aa326,male,1984-02-02,42
67c6778b-341b-4b3c-b47e-ca056a37fa0d,male,2017-03-28,9
fae0279a-a4ce-4723-a431-6b9ec92325aa,female,1963-07-09,63
6dbca977-8661-48f7-bb0a-f4bdee50b1da,female,1999-12-21,27
624639e0-bb76-47b0-ad81-fc25fa0d862a,female,1999-05-02,27
a71fc4f6-37f7-45fb-b834-22719739dbd9,female,1981-08-14,45
8c8a8932-3cd6-4566-88b6-ecc10042d996,female,2018-09-18,8
44b9787b-41ad-490c-88bd-db0be7736fcf,male,1935-05-17,91
a91b62ef-a347-4cda-b0d0-6118b7e551fb,male,1968-11-01,58
11315e06-df5b-4d3a-8eaf-9dcfa89d0e01,male,2002-04-15,24
604ad5ef-2fec-499d-83e3-a84178ca51c5,female,1927-01-04,99
f6589ba7-a7a2-431e-b1ae-8f09b3e363cb,female,1949-12-12,77
8c953bbb-7688-46ea-981a-336b15b86e9f,male,2010-12-27,16
41abacd0-8c09-499f-a24c-195a48a26b6a,female,1963-03-15,63
fd451783-fb9f-42b5-87b3-620b9813285c,male,1988-07-13,38
5f8ef71b-b0b3-4c8d-9dd5-fdd480d2b5da,female,2011-11-29,15
5f85d7fc-1a64-4090-889e-dd0e0e30811e,female,1971-11-13,55
30f31c90-2871-417e-99b8-ff705208714d,female,2003-07-28,23
7bda71d3-5a49-4840-922b-f5d0cf907bd2,male,1932-12-18,94
d296453f-ff44-4afa-8046-1e47ac2d8ada,female,1964-01-08,62
822f82f3-3d03-4ce1-8c2b-14764c244fcf,male,1999-03-15,27
c3cd3789-8330-4fd9-b8f9-3e58f610c0a9,female,1954-02-09,72
c4e91a04-1452-4fe9-a4a6-070941069028,male,1968-05-24,58
81b51d3a-1d6b-4e1e-9311-ec21acacb73c,male,1917-08-06,109
a5523b05-c587-437a-922b-9883c6fa86ff,male,1974-04-28,52
2a2c2251-8e99-4933-9599-f88af6c62e86,female,1988-05-29,38
a2d93ac8-d601-4c54-bb45-c8d3f2d91846,female,1916-02-21,110
2d592985-dd3d-4ba9-bfb5-82da6078938e,male,1967-02-25,59
4b94b909-3342-4ca8-82c2-0748cbe1754e,male,2011-08-13,15
c35e4345-61e8-4139-a09d-180b84fc08ae,female,2000-12-25,26
08255aef-00a0-4c4d-8ef9-fb302f7b335d,male,1954-09-22,72
3ad85766-b6b0-4040-8d87-3f4f536feee2,female,1952-12-06,74
7b0896bd-c229-435b-b7cf-ddbecc7e8fc3,female,1990-06-23,36
e0f40530-bbe4-4423-b3c1-681bd8a4c615,male,1980-09-05,46
3ef63e4c-f82c-4ec7-b483-149504f73130,female,2008-02-15,18
f89d1c5c-0d6f-4563-9762-bdee1bb5d55f,male,1983-04-03,43
439beea1-f9b3-4740-bd35-fe521d17c217,female,1999-08-10,27
207ab280-2d58-408e-8301-6444e23c4a8f,female,2008-03-02,18
8e7458b2-5403-4c00-a9ed-d55db2c6834d,female,1956-09-06,70
8cdd1175-3eff-4f0d-bd06-67c2f8aca71b,male,1974-04-03,52
1f5a666c-db9a-4d55-9cab-3ac45340e69f,male,1957-05-06,69
5dc02d13-5c69-4c36-87d5-16738f088300,male,1996-12-04,30
e790d087-c1b2-443b-af74-2c45d13dc34c,female,1981-03-31,45
17b5cd0a-c2b6-4d3e-bbe4-7a8255832304,male,1955-10-09,71
41873733-8ef8-4203-b696-eaa6ff11872a,male,2003-03-16,23
9aa55fa8-0422-4ca4-bc22-099aea53a590,male,1955-01-02,71
58ce1160-7bce-488a-a9c6-dbeb5fa41179,female,1997-02-02,29
1ac4665a-8efc-499c-9a4f-ee1780f9ff8d,female,1968-08-11,58
7e8cd3d5-c1c8-4c23-b499-8c5828cc7d35,female,1977-07-18,49
63746648-c207-4b1f-8b4c-21ce08c781d1,male,1945-05-16,81
c1302570-5717-4c2d-aa9d-3cd214061188,male,1975-01-31,51
a080380c-49c2-45fd-b5f4-81ceec513cda,male,1989-10-28,37
2d75e3a4-f0f6-45dd-8b57-75fb2f303c9e,female,1916-02-21,110
2819d71e-ffa9-4fa0-b0f9-ce66580738e8,male,1990-05-08,36
a1c516a7-b7e6-47fa-9184-cb00f35bed79,female,1970-04-08,56
fa22560d-f836-45f9-94cc-ee7118d2499b,male,1985-03-26,41
aef6dabb-9372-44bc-abf1-f3111812eec7,female,1921-07-04,105
40ad8575-3bc8-459d-b5d9-68b120681b31,male,2013-12-10,13
16cd8a89-062b-446f-a1b8-f3b289fc2c4e,male,1989-05-25,37
e0280532-8063-4afb-82b1-a29d465e8827,female,1945-06-20,81
7de3e146-b2ce-4e13-8d01-132ab0fb48a0,male,1967-10-25,59
c503bbc1-d4ff-4197-9474-764631d2002f,female,1951-02-27,75
5190d49b-6ee3-4302-94dc-fc0ae0844ddc,male,1960-03-19,66
ccdbe882-704d-4551-9a84-bba3b8072a2e,male,1957-05-06,69
fca6db59-556e-48d1-bdd0-2862890418c8,male,1982-09-28,44
b6366150-99d5-4dd5-b4ff-6cb4e1f77b0d,female,1960-03-07,66
5f88fc2c-1c3b-4c50-9ffc-2528a435ae4b,male,1989-12-05,37
34de5348-0342-417e-9262-14a1f5756766,female,1954-03-03,72
16524e00-1894-4c71-b673-a4a926c0c544,female,1964-11-24,62
adccf2c3-9dc4-4067-ba23-98982c4875da,male,1946-03-29,80
8850c4aa-cb77-4659-8373-980882405846,male,1954-07-23,72
bf262b02-4b45-4795-ad3a-4e24943dca84,female,1950-04-17,76
5e6177fd-cc45-41d9-a37c-276442b2e0d7,female,2017-11-09,9
3970f2f7-a832-4f57-85a6-f1de5ce7e63a,female,1953-03-02,73
3bafcaee-145c-4a7d-aef9-6c11b112cb18,male,1961-03-31,65
a48df363-31f7-471a-8aad-a8eff06e8ea8,female,1961-08-22,65
2212d4e0-5794-4821-8ea1-f079f019899f,male,1953-08-22,73
9d464bd6-c7fa-49de-998f-44dad6b4f703,male,1940-08-12,86
b552a54d-3024-4932-9108-91d82054f8e5,male,1924-06-30,102
8d569641-c1c1-463e-ab39-09a872e0e532,female,1980-12-25,46
51e7fa52-20e4-4f0f-a528-b47a85602174,male,1938-01-31,88
ffcd389f-2595-4766-b8df-a3d3cae12b65,female,2009-12-15,17
ee8f4933-d22b-4975-9925-3df4f2a8cadb,male,1970-03-08,56
c588a992-d308-4916-aed5-3894f7e5f6e3,female,1957-04-25,69
33b1db63-131b-4ec0-bd3f-e8019aed9711,male,1959-08-11,67
eb3f7197-d5b9-4286-8666-12df1e975978,male,1958-06-22,68
308ff947-1c79-4bc2-9414-7eb6bdb114ca,male,1939-10-02,87
92e285fa-4c73-4afb-b50f-08e0ec075d7f,female,1976-07-07,50
f7a301f0-4f1c-4ac0-89e6-3a5697213301,female,1958-08-20,68
57dc3e44-06f2-4b40-beca-f0fb9a84adbb,female,2017-07-30,9
0b4a4515-cc8f-4f3c-ad6f-2e2e943985b3,male,2013-08-28,13
abcfa8c0-a9d8-49b0-9203-d7a70626f5f2,male,1971-09-11,55
b56ca7ad-1b22-492b-af07-354f1484c991,female,1948-07-19,78
dc7c4766-d314-44d4-9b55-1189c334b0cf,female,1956-01-31,70
1c5ec33f-7966-4374-bb93-32e7c29ce5b8,male,1957-05-06,69
4e477735-27dc-4847-aa44-1ed2d773316a,male,1938-08-19,88
4f96d8a0-4df5-40bc-9e6c-9f06fd1108bb,female,2006-07-03,20
2b69e178-95ef-456d-a456-fde062fa4aca,male,1914-03-31,112
81d3d1c1-c80b-4a00-8563-54b2197e9cbd,female,1945-11-11,81
244f2f4e-604f-4214-a63c-5f551f6d9a0d,female,1927-06-23,99
d4155021-030f-4b81-b42f-0dab060115c6,female,1966-04-24,60
a17ed565-3a3b-4ffa-b8a1-65ba3a24ba42,female,1992-05-19,34
8739f93f-8fef-40eb-bf52-f1351287a8f9,female,1993-03-18,33
c01fae27-c393-45b7-820e-b8e67c7cce1c,female,2019-07-24,7
edb1ebc5-d629-4c43-acf5-b8d1c38d9bd2,female,2002-11-10,24
f235e65a-40c4-4bfb-8042-3589ca179504,female,1968-09-24,58
053adf4e-6550-4c63-9fba-1c184e5b5991,male,1964-10-31,62
7d992d22-eb40-48fe-9760-d0c1e79f14f1,male,1995-01-15,31
60202a17-0c85-4a30-90ee-06951c53df75,male,1950-05-03,76
518477bc-f3a7-4286-a216-7504e2c6fa24,male,1988-12-09,38
ae4c5b55-c704-4406-b353-285f9166a489,female,1964-03-16,62
20da6cff-013a-4a63-b2fd-ea0c2e3eb832,female,1988-08-09,38
e7f56ada-ef03-4dd7-90f4-501e711c8cb9,female,1948-08-14,78
e605c314-29db-469b-a6ed-bed43a3caa1d,male,2018-12-03,8
fc23cd5d-7366-4f72-90dd-301bbc1d9e0a,female,1982-12-29,44
25ce0d18-ff29-49fc-b6e4-bbcefe064488,male,1985-01-09,41
bdbb4d69-6e00-4a36-b84e-7a64fe084be9,male,1986-05-07,40
597f10f1-6b4f-4862-ae35-81e0cc209edf,female,1970-10-10,56
b68bb5ed-95b1-4ed1-9892-c2640d9e269e,female,1993-09-07,33
55f9a8cb-218b-48c0-a868-948485ad9747,female,1932-07-07,94
4b6a9990-5d6b-4285-b075-9767d18eda37,male,1921-10-27,105
e61a5c01-b365-41f8-9928-017fbf794b90,male,1978-08-26,48
60786e9f-cfef-42d7-85ba-6eb073db4610,male,1978-09-12,48
bd465c41-26e4-457b-b1f6-dff4ea232bb5,female,2012-09-27,14
39e175b6-e5d0-4a0b-9c67-1cb7ae226040,male,1935-09-02,91
09064487-2114-42a6-bfba-46f677e86193,female,1946-11-29,80
59e2d75d-2ca2-4c1c-9871-aa36058d54b9,female,1972-06-06,54
82fe330a-0d78-4724-9cfc-7d90b2ed2e0a,male,1936-04-27,90
3e307f2e-db3a-41b0-948b-277461f65c15,female,1952-10-04,74
1fd8d299-ce45-4c7a-803e-a9ac4b2f16c9,male,1999-05-09,27
5653aba1-4770-4a1f-a73c-c9b8bc1758e9,male,1993-12-18,33
338e0f93-2fb1-4152-8703-518686c567a8,male,1957-09-14,69
c8734220-5e6c-4100-9784-194fff5ce2e8,female,1972-05-16,54
a1496acc-aa7d-44db-9ac4-affeb162b1e1,male,1999-09-02,27
f69aa222-2f07-408c-aeb2-0a434d2075bc,female,2010-09-23,16
5b3acbe6-f9ac-45dd-b825-ec2cbf73c6ac,female,1986-09-01,40
2d18871c-0391-4f14-9221-061085a9bc9a,male,1996-10-07,30
4921f928-0844-451f-964c-30c0052ecf4e,female,2000-06-06,26
c62ffc05-b1f2-4196-828d-037b38880937,male,2011-11-16,15
2d896fe3-81da-4e8e-8569-48e69cfe3bea,male,1958-08-26,68
4997f37a-69af-4722-abc2-53124e3e358e,female,1952-05-28,74
685ac1f2-4ce7-4b15-80e5-ffbe152e8050,male,1979-07-08,47
86017b61-3171-45b6-9bd7-b6ca6a946604,male,1919-09-19,107
4f394df2-1b28-459c-b693-0c24927eb0f5,male,2015-05-14,11
62f8e7af-169a-4cf3-80d0-8ad4f4f5817d,female,1968-08-22,58
006c1607-2b30-4978-bb80-2b874e2dc490,female,1979-06-11,47
5af42e88-ebae-4e56-974d-c0246955b03f,female,1971-09-12,55
60ecd8a5-88ba-4206-ae37-aa55f6023af2,male,1963-06-17,63
f23dec48-b936-491e-b3ea-9a8ed66d4b40,male,1987-05-23,39
c3ef31a1-eba9-43f4-b935-0bf60846f7b1,male,1978-12-25,48
7ad5b8c7-19d6-4606-85c9-6b59dcc313b5,male,2002-01-02,24
5d055f71-2fc1-47fc-8ee4-2d83f88de70b,male,1957-04-01,69
37ff5999-5a5a-472d-9b2c-408693f101fa,male,1951-05-24,75
63230638-a802-4d11-a0ad-f1261a182152,male,1978-06-06,48
00ebeea4-0b2c-4b00-a15a-b0485ce76b61,male,1975-07-11,51
74d801e7-3ab7-4fae-ba82-a33a89340f32,female,1990-03-08,36
e7bc2585-dde7-470f-a113-f76b975d75e5,male,1979-05-02,47
fe068eb8-c6ef-46bc-b2d5-308a4b005b91,female,1984-04-10,42
5036a121-cec8-4fb2-b6e5-ce254f70563a,female,1936-05-18,90
99151a17-13b1-4992-8cd1-e2f5b97f7b6d,male,2010-03-01,16
0f407916-0f90-40d6-a0bf-b2145cc39ec9,female,1942-01-29,84
2326cfc0-af11-49f8-be0d-daf14cfb4f75,male,2004-01-25,22
dc333988-909a-4271-b498-62fbc67e287f,male,1983-12-03,43
7b53bc9a-50b4-4874-93e9-e991cddd1bce,male,2010-07-29,16
292eff1b-c9fd-449c-a7e5-92354f82d6ce,female,2004-08-31,22
f3a726ca-6163-40e5-a604-965ce1843f13,female,1950-08-07,76
3845cea6-b2df-4cf6-a812-ab77fbac7922,female,1983-03-02,43
a166eeaa-a428-466e-b0f5-c523ed4c950a,female,1995-07-10,31
546a407b-43fe-4157-9e71-5733536179ac,female,2017-08-24,9
f2e620a9-8025-4e86-a410-1167664fd761,male,1992-06-25,34
dad06f08-03c2-475c-b7fa-3c0bea75a933,male,1964-07-02,62
f636829a-4277-4392-a9a2-1050ef6eceed,female,1940-04-10,86
11261f38-18f9-409b-8f92-a9b4b39ef356,male,1932-12-18,94
cd51c564-fe1f-4852-892a-0c1db3a60c5d,male,1981-06-03,45
12c37ff4-7be4-409c-af8e-b09f8114c9c5,male,1924-09-08,102
9e691c15-de0e-45f3-aac6-aa806d59b8e7,female,1962-01-29,64
26bc4673-f24d-4d54-ab82-5220cb20cbba,male,1951-09-25,75
ce5746c8-35d6-4549-a3d0-8ef59a20b72b,female,2016-10-15,10
3fc9e53d-05e2-43dc-b658-f9be9e32b86b,female,1998-04-24,28
c749327f-e726-4100-9b54-e5159a8ec184,male,2011-03-11,15
a3b94cd5-ceb4-4717-b3b2-4d8bf1e70130,male,1974-11-21,52
784db76e-637a-40fa-beaa-0654f813fd0e,male,1919-09-19,107
e53f9fae-58ea-46f9-99f8-36617186c2e4,male,2007-09-16,19
1be24e2e-3fda-43fc-906a-bcbd623e77ea,male,1977-05-08,49
96b18bad-5f75-4ec9-b269-519108dd28e0,male,1989-10-13,37
c7b59aaf-868d-49c9-9489-a0a2b04d402a,female,1968-08-31,58
d7714835-c7e2-408f-9652-c8c2bdd9d2bf,male,1971-08-04,55
b695bd67-4040-4363-b074-9926b5ff7390,male,2017-02-04,9
b946aa99-213a-4e66-a5c4-2cdd379f1749,male,1971-07-20,55
2b341858-935e-49f7-9798-09bbd69682d9,female,1974-11-04,52
45b4bd97-b41d-4027-bf56-b8cc43e0a294,male,1974-06-20,52
634db483-a4a6-4cfa-a774-9126e6c4c5e3,female,1998-10-11,28
6854a726-400b-4995-ba2d-b09cec44ac6f,male,1965-05-08,61
220089fe-b258-40a3-ad44-0498340b82f1,female,2003-05-01,23
eac150b8-3c32-4a24-b5da-e39d7dee588e,male,1960-07-29,66
8110377d-a9b8-4158-bc18-e51f4a58279e,male,1957-10-07,69
02065b98-0985-4ed0-9966-396cb1fa46bb,female,1952-08-14,74
6756ee22-21d9-4dbe-af08-555c8db3714d,female,1947-04-15,79
8065156f-a5b2-484c-aa55-4752b22c1a5a,female,1998-01-16,28
0f424d06-c000-4ef8-914f-c8aa56d85efe,male,1976-07-25,50
2fa7e17c-ca88-43d1-98ec-d89901aa58e2,female,1936-11-26,90
003abc72-a814-4a81-bff1-ce6a54b0ce39,female,1996-12-08,30
e4277266-87fb-4c74-9c60-3ae722a486ce,female,2008-05-12,18
bd3c359e-cd66-45c9-a870-59b028c55b3a,female,2015-08-15,11
692e98c4-c22e-4ef0-98d8-e46f96d030f7,male,1936-03-12,90
87c46349-12de-46ed-ad01-28ead539f289,male,1971-07-20,55
08616759-40d8-4625-84d8-e9153d8b96b1,male,1995-04-09,31
629dd4b4-dc17-4752-9b0b-5bf0a9019be4,male,2010-05-17,16
5c7ddb62-313f-476a-b0bc-7a22d8f14824,male,2002-07-09,24
16acbd77-a8f7-41fc-b74d-fc440ebff249,male,2011-06-10,15
72d04a52-c467-430e-b7d7-ea1d01af3291,female,1965-11-05,61
44b910e1-565c-45fd-ba13-ac598fc0e0af,male,1917-08-06,109
8d0d9fec-0faf-4990-a37e-27c7b7156f04,male,1965-03-24,61
4cb0d703-97c8-4ee4-a840-e8f9cb9d0c84,male,1921-10-27,105
3f8be6b0-15a6-43f4-87f3-1adb737fa598,male,1993-02-17,33
ab691324-7b05-4cda-9918-8d776432bb0a,male,1954-07-23,72
15ff0f7a-48a3-40f3-86fa-cf89a31c69fd,female,2009-11-20,17
406a59f9-e2b1-49a9-a8be-f228826f898c,male,1968-01-02,58
eaee930d-ee1d-48d6-b2a7-ea2ae3d75566,male,2013-02-04,13
71b1637b-3c09-4a03-9be0-ee1d4984237d,female,1927-08-11,99
563ef381-481f-4fe9-b4db-68fb9f19013d,female,1951-08-27,75
2df71d79-dc69-4b7c-973d-2525d8436db9,male,1934-11-24,92
be0b14f1-8ade-4061-aad8-ee4d7a784682,male,1964-02-29,62
737bbd85-dcf8-4b90-98ed-04a9ac332c07,male,1965-11-08,61
a9948949-60af-4b49-b61a-24a49d80a1ef,male,1940-04-04,86
8a89b3c0-177e-45ed-b979-b991d003d0e5,male,1987-01-17,39
b2b6dfa2-5d98-430a-bcf3-5935132477fa,female,1972-03-08,54
6dddf0f7-b46f-4b29-ac15-46db346f6a65,male,1990-11-24,36
854de2c2-7f46-4c60-83c2-b72c5cf02a7e,female,1993-02-15,33
04f65b32-86c0-4e84-931f-41c6624871e6,female,1994-05-29,32
c0dde869-a83c-471e-87a7-469d22a6ffe3,female,1985-10-20,41
1f659c86-b033-4601-abf2-d8ab6326b694,male,1961-12-01,65
632b7c1c-9545-4aa7-9fd5-07683139ef13,female,1966-06-14,60
b171a869-6781-4902-963e-2c6f02b6a3a4,female,1967-05-26,59
173c7919-ef22-438d-9569-31a5314fd467,female,1951-06-21,75
7e1c5c78-7d1a-4b27-8d43-8d4e0b0ba9af,male,1956-09-15,70
0445d793-a883-4078-9394-9737866fbbad,male,1996-10-06,30
e79b6333-61d5-4b4b-8a37-21d64f54f1e6,female,1928-02-25,98
c4f62fd2-0813-423d-a65d-65ba3521c41a,female,1968-08-31,58
cbcd8911-eb70-4eea-84e5-be2f511b42d0,female,1939-01-18,87
3cdc4b3d-cfef-44b1-960b-82996bb8a97a,male,1950-02-11,76
3a98e9ca-fddf-4780-b116-87d5487f6572,female,1958-07-11,68
a527e2a9-95f7-48ee-b538-8ab531b6b324,male,1967-03-01,59
aee877d2-4cb3-4f93-bc9c-c32da209cb46,male,2005-03-01,21
1c9b6d4c-8c80-4672-889f-d649ae3900d1,female,1992-10-29,34
2985ef81-3150-47ed-9719-16eff81e8507,female,1957-10-11,69
b0f49c80-b59b-4df6-8292-40ce8b8f8612,female,1927-06-20,99
4992ac1e-a3cf-482c-b913-1fdd7c494bde,male,1992-02-23,34
6234d363-22c2-4869-b260-d2d794c7bd71,female,1991-02-22,35
39ea39e7-0096-4c94-a28c-5eee07e6b313,female,1963-11-23,63
96274587-5d43-4882-a816-d71f6158ea2b,male,1986-12-20,40
8055d1ca-46b7-44a3-a033-b918e4c3ecfb,female,1931-03-30,95
b1065b19-09b7-4783-8f2e-dd97eeb9385d,male,1912-10-17,114
86337f98-0d8d-40ee-ad5d-68811024c886,female,1940-11-13,86
d1314a40-73c3-43bd-8061-a63788b77497,female,1939-08-24,87
7000d397-ee1a-414a-9746-e9e53e9094fe,male,1986-03-21,40
a0ab6eec-99bd-4bae-94fe-20cb49e18b7c,female,1946-02-07,80
d4af06a5-c176-4d7e-9e31-f6f6f77bab0e,female,1996-09-09,30
f7d1409b-9dc9-4300-beef-63375bd2c105,male,1988-04-08,38
57055e35-c951-4476-9d82-51c28d69b533,male,1987-03-12,39
0b61521a-8386-4f72-ae9a-bf6cd30cb0ee,male,2002-11-13,24
cd920514-b4e4-403f-9788-d68798159b37,female,1921-07-04,105
5586f623-1391-40e9-a8cc-ed32cf5b607d,male,2019-01-15,7
a4e560e3-862e-498c-ac5f-883d6614c6e4,female,1983-12-10,43
dd2c8ca1-02eb-4f6b-8195-883e29dbcfb7,male,1948-02-04,78
c78d83c9-5cb5-40da-b250-e89708535698,female,1971-05-12,55
dea35965-8eca-4aff-be3a-36647c274e54,female,1940-03-02,86
c26421a3-f56d-4cb8-b3fd-886e059597e1,male,1980-10-25,46
07306dbb-cb66-458e-a47a-1dbcad32f148,female,1974-06-14,52
e3ae7831-14c8-4d13-a8fb-dad68fa12bc9,male,1985-01-09,41
13dc4d25-8237-4170-96e5-f101c843ad15,female,2004-02-15,22
42ee6a1c-7a2a-4343-8bc5-4fba476e0907,male,1980-08-14,46
d7ea31f7-29a7-4922-a746-67d3b4928e79,male,2000-05-05,26
23b645df-ceb5-4cce-8c57-bb70e28b9106,male,1976-12-04,50
f63efb83-1566-4865-a251-fdc4d5fa4f6b,female,1978-03-12,48
6fb7de48-13eb-4c5f-83da-61b27d4bbdf3,male,1967-03-12,59
b5dfc33e-a860-4aa7-9346-aeda8550f9be,male,1917-08-06,109
35a2f53e-9a2b-4383-ba33-3bee0b83845a,female,1941-04-06,85
59784f0f-8eae-431b-b5da-ff7533ed1e1a,male,1992-10-03,34
ca74964e-16bf-46fb-9134-32b1f51cf800,male,1991-10-21,35
62f49e9a-8c03-45d8-92aa-47f15a85cfcd,female,1960-11-25,66
a7180337-9704-407c-94ec-b0afa1219d2b,female,1916-02-21,110
c34cc310-bc3d-41fc-9258-d3582e525a9d,female,1916-02-21,110
3f455ca3-f4fd-4fb8-a886-294c656510c4,male,1911-04-08,115
236b1a5a-2c2f-4601-b422-95ec0f1fc06c,male,1975-09-22,51
1f8bea45-b6e6-4b17-9ffb-ba4c0dca3b77,female,1956-09-24,70
5c818f3d-7051-4b86-8203-1dc624a91804,male,1997-12-26,29
2e03c285-e7f4-4803-a11c-f953ff60e0aa,female,2008-01-10,18
5738455f-49f4-48ba-add1-0b928fa32412,male,1968-07-11,58
7d3b4a22-7dce-4d37-9692-60d96f1e39f3,female,1960-12-27,66
77b5046d-1bd5-49b3-983e-dbe16d2f48d4,female,1986-04-30,40
503a2937-aa6c-4482-944d-a680b0bc5aa6,male,1987-10-03,39
b43d3d32-1e9b-4acb-8578-624cdcc99f86,male,2003-02-03,23
5a45527f-a341-433b-bc62-106725a2956c,male,1975-10-07,51
1c580412-6c9f-4178-a3f0-52b8507d9154,female,1962-05-10,64
5e7abe0f-cc72-41f7-8f90-e8b068905c53,male,1943-09-01,83
8c8bd3f7-f84a-442f-bf0d-a49e3522e1c9,male,2010-05-04,16
55e6d68e-2558-4f52-b375-b410ad9e566a,female,1995-10-19,31
0a2f735c-8fec-4fb6-a1b9-38589d6ef318,female,1970-10-04,56
7426b143-baad-474a-9484-995b27329915,male,1967-11-12,59
d541f1f4-9cb8-4b7a-8a53-0da965936162,female,2013-12-10,13
6a403c26-09e6-40fb-b7d3-1cdf5289e45f,male,1962-06-18,64
9c97ed3c-1493-4248-916f-e7a4050d108a,female,2003-02-08,23
02adcc12-3866-45f4-b46c-ff11f33af5bd,female,1991-03-31,35
677205fe-1fa4-4cdd-bb45-eafda67b0e92,female,1973-11-14,53
abb96957-955f-4dd0-b481-746f16fa6a4a,female,1957-06-07,69
b4bb0cbc-04ff-4f1c-8741-e01d66d57b83,male,1974-01-23,52
6e9e1b7a-2209-458f-bf49-147796ba2aa8,male,1992-05-06,34
b9e15f43-b723-4dc2-ba19-dcfc17149088,female,1966-10-18,60
8e89d161-94ca-4ff0-af6f-4178b1c42687,female,1939-08-24,87
3dfe1987-a4a5-4538-b5ee-05b921668921,male,2014-08-13,12
bed00351-1204-4d4b-978f-bc3ccabb6ebe,male,1992-04-16,34
83f01277-56cc-4de6-b4f4-c4d209031606,male,1961-03-05,65
1d3cfb26-263e-473d-b277-b6328e111d90,male,1948-02-04,78
237483d1-d185-4af9-aa71-b222c87819c2,male,1973-10-17,53
f643310d-5ca3-4d9b-8fc6-0cad519f761d,female,2002-06-10,24
3ee2738d-74ce-4960-ac49-81e2f54f5c3f,female,2007-02-23,19
ad03268d-2e8e-47a7-9191-2bca359b7f38,male,1956-09-03,70
78f34f30-c69b-45bc-9336-448b105fe0ed,male,1991-01-29,35
f8484c41-0dc0-4741-9728-25ad4570c524,male,1983-01-31,43
0718123b-5034-4965-a145-3d8d71b11389,male,1917-08-06,109
02e2d214-ec90-4eb1-afab-f93f9602fb85,male,2016-06-25,10
1cfba815-3aef-424e-9d9d-d4e645efc402,male,2018-12-05,8
b1003fc9-6823-49c7-a4bc-5c09e5135afb,male,1921-10-27,105
46acd81c-112b-4f60-bdcb-bcea0a5c9eac,male,1962-10-08,64
a8d3a9ae-091a-4ccf-b13c-a0997c3a3535,male,1997-01-31,29
5033555a-5226-4f36-8b77-c29394b9be3c,female,2014-12-06,12
31191928-6acb-4d73-931c-e601cc3a13fa,female,2002-10-24,24
18183a4a-3cde-4ddd-b83f-fc45940e2474,male,2013-04-21,13
e15ffb45-3676-4fd4-acd0-1b56ee7fe7c0,male,1912-10-17,114
81e1b4cb-6817-4bdc-97cd-c1f3ac960345,male,1924-06-30,102
ffff2c5e-d4f2-44ae-86aa-9e8c432b8405,female,1961-07-31,65
ea206443-b280-4a08-abcd-f0ac318fa2a5,male,2008-03-12,18
5b68a2f6-e3aa-400c-8a01-ef7fcbcdb01e,female,1946-02-09,80
5c4f32d0-57df-411b-9475-3972325ed5f5,male,1969-09-22,57
4a5957e6-d7e0-4018-b0e0-48ca1ed36854,female,2001-12-07,25
a420fcc8-be98-4fec-acf1-07268c64d8a2,female,1989-12-20,37
ad60b8d9-6125-4814-9836-bda34011fe5c,male,1983-10-28,43
18474c21-f9fc-4c5d-a573-e4da6b47cda0,male,1911-04-08,115
2ef39eb3-ec68-4f6e-a8d5-c01623a9a81e,female,2013-09-17,13
38027157-29a0-43b8-a3a8-2e9b57c4201a,female,1952-07-25,74
e7e33ae1-b787-4d7c-97bc-a0342917d370,female,1940-11-19,86
39532aec-d453-4157-ac8e-dc9c99fc80f7,male,1935-03-16,91
390a791e-4877-4e82-98c7-7c660a2a62a5,female,2012-01-28,14
48ec962a-c1c4-49a2-8ccd-2c7f7e9f0dee,male,1980-11-30,46
69a9aac7-6f7e-4529-90b6-281dfbec1926,female,2018-10-21,8
c35a6b89-d9f0-40d7-aba8-b94a5fbc6731,male,1967-11-24,59
0e979d39-9757-49f8-825d-e0bb6ea3b84d,male,1962-10-09,64
288cdfdb-09cf-4ac3-82ff-1fd9b557d1f9,male,2012-08-22,14
a43fc30e-9055-4a9d-bee4-73d0a69b4d5b,female,2006-09-06,20
8a11f63f-d98f-47a6-b6e9-9d8564be50f2,male,1961-10-02,65
5e059d34-91e6-4a12-9ade-263c34426a90,male,1969-06-07,57
8aef48ea-e32b-4df8-af4d-800794a16225,male,2011-12-26,15
dcfd640f-6c5d-4544-9ce6-65d0181ab648,male,1912-10-17,114
b1e048c5-ae20-4d3a-b306-2c24a76e693b,male,1947-02-24,79
3e5833aa-919b-4f51-bc41-e1aa9d181ada,male,1959-07-09,67
1a754b6a-a402-45f7-af4d-68e04585dbff,male,2016-10-31,10
84b88a6c-b8e2-42e3-8d17-238524491087,female,1997-01-15,29
00b524e8-27d4-4f5f-bcd5-436bbe799dbb,male,1946-03-29,80
a8303939-700b-43a4-9633-260d04615723,female,1986-12-25,40
4909e169-e126-40e5-ac84-f0610f88c2b7,female,1958-07-27,68
c088b7af-fc41-43cc-ab80-4a9ab8d47cd9,female,1965-11-04,61
e721dbc6-3a8e-4678-8946-0384663e6f43,male,2018-11-02,8
019288f1-e5b7-4202-a690-bb11bbccb68b,female,1998-11-04,28
8c0f9270-3364-462f-97cf-1609a1853075,female,1958-12-14,68
c8996f9e-035d-4805-8f26-1600f54f50ba,female,2001-05-16,25
545d43cc-38eb-4f41-b3d2-a30e9eb528fc,female,1983-01-20,43
91006b05-411e-4969-8cec-3fde4767ca90,male,1932-12-18,94
01091310-60ff-4ac9-ab0b-8f7d1144ad18,female,1950-09-30,76
0bd45c26-049c-45af-8083-a655fd42269c,male,1971-07-20,55
d4da7781-0e7a-4f3b-bc40-f1fb7737a60f,male,2003-07-25,23
3160b290-8c66-4a5c-a77b-cb2a3eab495d,female,1966-03-21,60
23353d6a-3b27-4186-8f29-69efddeb9290,female,1972-07-03,54
afafca2f-b97d-4fc9-b3b6-984e46d4c0b8,male,1940-08-12,86
ae65f248-feb1-4a64-8bc4-d2783c29dc14,male,1921-10-27,105
b4566afb-d882-4bca-9ed7-164ebd80df94,female,2005-12-29,21
87878c22-2312-45d1-8eed-2b3d9991b419,male,1986-07-02,40
57959813-8cd2-4e3c-8970-e4364b74980a,female,1999-06-12,27
2d70fdc1-7a11-49fc-9321-20fe025a934c,male,2013-10-20,13
5bef8394-6043-4007-a881-e767c4c9b4d9,male,2007-01-01,19
dd36f923-cc14-41c9-ae40-4c795355ce34,male,1945-06-11,81
a6546d32-4ce5-4f06-be7b-e38272a8263f,male,1980-11-05,46
5757ad05-511c-4b35-8e9d-3b898915cfc4,male,2014-06-01,12
32138653-d329-432f-81e6-75225c3b68f5,male,2010-11-08,16
00607762-6d48-45f6-b6fb-fe4c8abae329,female,1990-11-19,36
2c6fa5e7-c1aa-428e-a9e0-fd14bfdf08d9,female,1982-11-27,44
e3d30c50-fbda-4b86-ba19-4ad8df180abf,female,1946-08-22,80
99cc16ad-6634-4233-8b6e-86aa9a5120ec,male,1972-11-20,54
d5364076-710e-4fd5-831b-cd4d3e2d146c,female,1956-02-15,70
c59a7cdf-d0b0-412e-8bf1-eea19ac0ed6d,male,2000-02-20,26
db86729e-6010-4c23-9320-64f75982dab2,female,2015-01-21,11
d8724548-d0e5-4ed3-a60c-6730e0d93e57,female,1971-08-02,55
3e9d6e6f-9361-4917-8ed7-5f9dcfed8ece,male,1971-07-20,55
a2f50480-3ef3-4460-962e-feb28c710b9e,female,1995-06-24,31
38447541-641a-4bde-96f8-71e5a20a7d74,female,1939-08-24,87
ce356d64-2e4a-47b4-8a1f-25ff968a1409,female,1978-01-20,48
a20e8f2f-10e7-4f87-91ae-227aa5b43ce9,female,1973-11-14,53
1c81d708-bf61-44a3-82f3-1500ad965538,male,1988-08-16,38
6122a58e-1546-40e9-8815-361205b9fd6c,male,1967-05-23,59
812e2d11-cf39-4ce4-82d1-a301be75685c,female,1921-07-04,105
cf8014cd-71cb-4a58-9ead-505dad58b5db,female,1944-06-24,82
dffbd60b-09eb-4ee0-ba78-4e5a4008afb6,female,2001-11-10,25
11ecd996-e565-45d2-99ca-720d9d62cf41,female,1977-01-29,49
440287e7-70f2-4525-930c-db7ffaa555cd,female,1961-03-31,65
7382c974-05b8-4b24-a1e2-c2212f22594d,male,1953-10-27,73
1942ac57-6e6b-4fb7-ac6c-46ebe896c95a,female,2008-09-24,18
664d2622-0a40-4bf3-8436-2e2ea0ed8bd7,male,1992-02-27,34
18d51d20-2b63-40cb-909f-b09ae1bde8b4,female,2012-10-02,14
8c185802-2d0b-41c0-82bf-68a5ec3c0e3b,female,2016-02-14,10
6652b1a8-0012-411b-ba72-aba67d5800d6,female,2009-12-13,17
678b41b2-e481-4b7b-8e89-e5e95d62ee44,female,1977-09-26,49
5f903e4e-bc00-429e-b96a-97420db4b75b,female,1956-01-05,70
8a65cb39-43e5-481a-8c93-ffa887ff586d,female,1942-01-29,84
2748b312-c2ef-45e1-b5ef-75b155dde2b7,male,1951-05-24,75
a00d0b0b-3f68-4538-9274-b0f49ee75d1b,female,1994-02-11,32
7f585860-9a44-464a-9640-a4d8bfc4e81d,male,1955-01-13,71
6df4b5c7-f578-4b1d-a674-0612e5f08d36,female,2001-07-06,25
5e505fcf-07a6-4f0c-8c53-98824b13c4c7,male,1988-08-05,38
745f0d67-dd76-4ce2-a15d-e89c233e6c41,female,1943-07-27,83
a0bf1ad1-3953-4daa-b2ae-f28eafa38bc9,female,1966-02-18,60
0b60a0e5-b33e-49c0-a44f-e824699659eb,female,1957-08-29,69
1120edbf-930b-472a-b7ec-197efd70d6bb,male,2016-08-26,10
7f0f9e95-1320-4030-ad2d-703563cec55d,female,1967-07-04,59
acd609be-53a8-4b41-9282-3e6ce6068305,male,1964-10-31,62
4e5bd8e4-4ab7-4e20-8efa-ba1978de1e08,female,1988-03-12,38
02a62731-986c-4596-94ed-2209c1a6e7a3,female,1995-03-04,31
8f4fee2c-4ac4-45dd-ab7e-59f0ff230a2a,male,1962-04-20,64
13bcec42-d693-45c4-bfef-508045b1c6bb,female,1981-05-29,45
2e32d37e-811f-4538-9e1b-d63062b0d0c0,male,1983-09-27,43
3b1ff6fa-3227-414b-9bdc-099ae1ec03c9,female,1952-06-25,74
13e3540b-698a-462e-8e0f-6893866b695a,male,2018-03-10,8
b370ec69-c427-4c79-9838-b51fc08b2bcd,male,2004-05-08,22
a01801db-750f-464a-bf16-87233be6cd5f,female,2014-12-24,12
cbb3dc6a-a1e2-46ae-9e88-887c4e0c2aed,female,1993-10-10,33
65aa0733-213c-4ddc-950d-221e4fe3952f,female,1943-08-21,83
3a3ba55d-5437-4c9a-943a-93bc004c8f6f,male,1972-12-09,54
25c46723-e19b-4c92-99ca-4df6669ed3ad,female,1916-02-21,110
fd8a6ce4-3086-441f-a63d-7f989bbdf83b,female,1976-09-16,50
dc6ba197-8232-48b1-a67d-58458cd05877,female,1988-01-05,38
224b85c2-d23b-45c4-b584-2c2462281019,male,1957-10-07,69
57ca2c16-7008-41e5-b338-4758b2fc46f0,female,1921-07-04,105
8799a4b0-1815-4963-a0da-cb91757a7692,male,1991-04-21,35
385e22c5-5e7a-4a4d-93c2-ba4c920caff2,female,1995-08-26,31
686df75d-1fc7-4a7c-9c02-582ca894ed6a,male,1965-10-14,61
f0df4fdd-777e-4793-9e87-ee4aec8c408e,female,1955-04-20,71
ed26cef7-1b3a-4024-86e9-87e82e9506c3,female,1967-11-30,59
ef6b3562-0f52-4755-9875-c524c5854008,male,1932-12-18,94
5f353a59-c200-40e0-85d0-643777c0a113,male,1977-12-21,49
9c267d85-f3a9-4054-8316-4f87c0f872d5,male,1935-09-02,91
5b6ab032-329f-4f72-82d7-d697fe7c21ea,female,2016-01-12,10
f6490c3a-531c-43c3-8e82-d65fab36407f,male,1973-09-27,53
fcccd6a0-8ac4-4815-a388-d8083b662b48,male,1988-04-10,38
1e2e2378-10ef-4b8b-b7c9-f8f79ebc9a0b,female,1983-01-26,43
a4ed30f3-6050-469c-911b-5e9686197011,male,1965-11-22,61
04617c43-5f58-4da9-befc-116b2148a717,male,1977-05-25,49
f648a803-2da5-4b60-adb7-f2f809a044f4,male,1921-10-27,105
d2d7a96f-1a45-4f5b-ac06-b1ccdbec430c,female,1984-10-08,42
0137492a-02f4-44bb-ac85-61822e3cc2e4,female,1921-07-04,105
33fd1321-db4a-428b-9996-d2a25508e346,female,1957-09-16,69
f742a202-f909-40ed-a04d-7819282495b2,male,2017-06-26,9
010cf429-1f4c-4555-91ba-d581bea300a4,female,2006-06-11,20
22349a67-4287-4795-97d5-7c9ed58f1de7,female,1969-07-01,57
33e6b0d6-804b-456e-9a83-bb1f1dabaf06,female,2013-04-28,13
a4b0697c-4c06-41f0-ada5-d17517850127,male,1911-04-08,115
af421975-f76b-4868-a63b-a9e56ef30f05,female,1983-11-28,43
d739b5b9-20e6-4ce0-befa-ff1b60a10203,male,1955-04-01,71
3d1f18bb-c763-4050-a801-b1f0dd78412b,female,1971-02-19,55
982beb81-3f8a-4cec-8fd6-8e6c8bb0f283,male,1951-02-17,75
2b6f17c7-480c-4895-b372-8c4ca0137f84,female,1988-01-31,38
ebfdb80a-a153-4f94-b9a4-0a682f0bdc8e,male,2015-10-31,11
a996587b-0b28-43ad-8ad2-5188e0a664fe,female,1945-06-13,81
c8ac1894-6752-4574-b171-a440547ad931,female,1949-12-17,77
445e639b-a90d-4c3c-8238-6386e25abff3,female,2007-08-19,19
7785c5b2-0e7a-4f9c-96d9-92ff7aeb9971,female,2008-02-03,18
8115ce3d-2c87-459f-bd7b-3c73c6ed34f3,male,1914-03-31,112
8ef11370-b5b1-4051-a0f0-7f9982aba39c,female,1991-08-12,35
c2414526-94b0-48b6-80c4-bed5c07019cf,female,1964-04-14,62
4f0fe5df-8490-4c1a-8fb9-bc35171069bc,female,1965-08-03,61
6df25cc5-ea04-46d4-a992-7297c60f708d,female,2019-07-02,7
c2b40f49-4c27-419b-ad34-5c7bcc07781a,female,1945-06-13,81
322f112b-2e81-47af-9826-099f653110f8,male,1967-07-18,59
1f18e760-de54-483d-8a3e-934f6f2fe892,female,1957-05-21,69
96929d70-f38c-476e-855e-7952f037e238,male,2005-05-05,21
4e73dea8-80db-479f-9f73-228b24ccf7f9,female,2013-01-26,13
8421e46f-8802-46a2-8b21-9fbe297a4cab,female,1976-11-06,50
d44bc588-587f-409f-b955-6541be165ac5,male,1986-11-04,40
00953a86-434f-4866-ab0a-5a5a3ddc6bb2,male,1924-06-30,102
f17f12b5-ad30-44ef-8166-5f7fbcbda89e,female,1961-04-06,65
e10835ed-4183-4757-b0ff-1b6df7ea8c27,male,2008-08-04,18
c7180e22-3246-4c73-896b-096c7ba35624,female,1937-05-14,89
7f834f8c-1e85-45f6-b096-698acbc4238b,male,2008-01-18,18
91724d75-0a49-43ab-9944-344bfb99c2c6,female,2011-11-27,15
